AKAN,2025-10-01,fmp_non_split_adjusted,92.700000000000004944000000,185.850000000000009912000000,65.250000000000003480000000,67.500000000000003600000000,3.00000000,22.5000000000000012,1553790,87.300000000000004656000000,3.88000000,2025-09-30,22.5000000000000012,6000.5,135010.1,20
ALFIQ,2025-10-01,fmp_non_split_adjusted,0.000100000,0.000100000,0.000100000,0.000100000,0.00010000,1.0,0,0.000001000,0.00000100,2025-09-30,1.0,709.9,709.9,20
CJET,2025-10-01,fmp_non_split_adjusted,45.420000000000001453440000,50.800000000000001625600000,14.970000000000000479040000,15.500000000000000496000000,0.15500000,100.0000000000000032,12185744,16.210000000000000518720000,0.16210000,2025-09-30,100.0000000000000032,1158936.4,115893635.0,20
DCX,2025-10-01,fmp_non_split_adjusted,545.040000000000011854620000,609.600000000000013258800000,179.640000000000003907170000,186.000000000000004045500000,0.15500000,1200.0000000000000261,1015478,194.520000000000004230810000,0.16210000,2025-09-30,1200.0000000000000261,96577.5,115893000.0,20
ENSV,2025-10-01,fmp_non_split_adjusted,0.003000000,0.015000000,0.003000000,0.004000000,0.00400000,1.0,35964,0.003300000,0.00330000,2025-09-30,1.0,16704.0,16704.0,20
LEJUY,2025-10-01,fmp_non_split_adjusted,0.005100000,0.005100000,0.005100000,0.005100000,0.00510000,1.0,3985,0.000001000,0.00000100,2025-09-30,1.0,1430.1,1430.1,20
ORGS,2025-10-01,fmp_non_split_adjusted,0.790000000,0.790000000,0.790000000,0.790000000,0.79000000,1.0,100,0.110000000,0.11000000,2025-09-30,1.0,797.3,797.3,20
PALI,2025-10-01,fmp_non_split_adjusted,1.050000000,1.810000000,0.963100000,1.310000000,1.31000000,1.0,167377146,0.859700000,0.85970000,2025-09-30,1.0,1312546.2,1312546.2,20
PRST,2025-10-01,fmp_non_split_adjusted,0.000100000,0.000100000,0.000100000,0.000100000,0.00010000,1.0,0,0.000001000,0.00000100,2025-09-30,1.0,65105.4,65105.4,20
RNWWW,2025-10-01,fmp_non_split_adjusted,0.059700000,0.095400000,0.052500000,0.082300000,0.08230000,1.0,147173,0.045600000,0.04560000,2025-09-30,1.0,9197.4,9197.4,20
RVLPQ,2025-10-01,fmp_non_split_adjusted,0.000010000,0.000010000,0.000010000,0.000010000,0.00001000,1.0,0,0.000001000,0.00000100,2025-09-30,1.0,1090.1,1090.1,20
SMFL,2025-10-01,fmp_non_split_adjusted,0.010000000,0.010000000,0.010000000,0.010000000,0.01000000,1.0,2851,0.005000000,0.00500000,2025-09-30,1.0,1937.2,1937.2,20
SYRS,2025-10-01,fmp_non_split_adjusted,0.000800000,0.000800000,0.000100000,0.000100000,0.00010000,1.0,19512,0.000100000,0.00010000,2025-09-30,1.0,35279.8,35279.8,20
AAGR,2025-10-02,fmp_non_split_adjusted,0.005000000,0.005000000,0.005000000,0.005000000,0.00500000,1.0,0,0.000001000,0.00000100,2025-10-01,1.0,2292.5,2292.5,20
AFIIQ,2025-10-02,fmp_non_split_adjusted,0.000100000,0.000100000,0.000100000,0.000100000,0.00010000,1.0,0,0.000001000,0.00000100,2025-10-01,1.0,868.9,868.9,20
ALLGF,2025-10-02,fmp_non_split_adjusted,0.000200000,0.000200000,0.000200000,0.000200000,0.00020000,1.0,250,0.000100000,0.00010000,2025-10-01,1.0,871.2,871.2,20
AMPE,2025-10-02,fmp_non_split_adjusted,0.102200000,0.164300000,0.083500000,0.164300000,0.16430000,1.0,35366,0.002700000,0.00270000,2025-10-01,1.0,391.7,391.7,20
ASBP,2025-10-02,fmp_non_split_adjusted,11.910000000000000277900000,14.070000000000000328300000,10.350000000000000241500000,12.600000000000000294000000,0.42000000,30.0000000000000007,21220960,6.450000000000000150500000,0.21500000,2025-10-01,30.0000000000000007,230298.0,6908940.0,20
BNAIW,2025-10-02,fmp_non_split_adjusted,0.016100000,0.034700000,0.016100000,0.030000000,0.03000000,1.0,174948,0.015200000,0.01520000,2025-10-01,1.0,20254.3,20254.3,20
BQ,2025-10-02,fmp_non_split_adjusted,9.400000000,24.000000000,9.400000000,14.820000000,14.82000000,1.0,10467100,9.570000000,9.57000000,2025-10-01,1.0,2648679.5,2648679.5,20
BTTC,2025-10-02,fmp_non_split_adjusted,6.000000000,39.000000000,5.480000000,23.980000000,23.98000000,1.0,3836700,4.610000000,4.61000000,2025-10-01,1.0,224839.8,224839.8,16
CIGL,2025-10-02,fmp_non_split_adjusted,3.840000000,5.450000000,3.530000000,4.500000000,4.50000000,1.0,50163389,2.570000000,2.57000000,2025-10-01,1.0,8526804.9,8526804.9,20
DFLIW,2025-10-02,fmp_non_split_adjusted,0.573000000000000011460000,1.330000000000000026600000,0.520000000000000010400000,1.250000000000000025000000,0.12500000,10.0000000000000002,130254,0.516990000000000010339800,0.05169900,2025-10-01,10.0000000000000002,14342.5,143425.0,20
ELYS,2025-10-02,fmp_non_split_adjusted,0.000500000,0.000500000,0.000200000,0.000200000,0.00020000,1.0,535,0.000200000,0.00020000,2025-10-01,1.0,4426.5,4426.5,20
EPSM,2025-10-02,fmp_non_split_adjusted,15.190000000,39.810000000,14.770000000,25.750000000,25.75000000,1.0,91917,15.170000000,15.17000000,2025-10-01,1.0,201259.9,201259.9,20
GDEVW,2025-10-02,fmp_non_split_adjusted,0.029400000,0.050000000,0.029400000,0.040000000,0.04000000,1.0,423840,0.023200000,0.02320000,2025-09-30,1.0,44142.0,44142.0,20
HEPA,2025-10-02,fmp_non_split_adjusted,0.060000000,0.095000000,0.051000000,0.066000000,0.06600000,1.0,300100,0.046000000,0.04600000,2025-10-01,1.0,39198.1,39198.1,20
ICCT,2025-10-02,fmp_non_split_adjusted,0.013000000,0.022200000,0.013000000,0.022200000,0.02220000,1.0,400,0.011000000,0.01100000,2025-10-01,1.0,7466.7,7466.7,20
RFAIR,2025-10-02,fmp_non_split_adjusted,0.220000000,0.240000000,0.190100000,0.210000000,0.21000000,1.0,1656606,0.080000000,0.08000000,2025-10-01,1.0,29300.2,29300.2,20
STAB,2025-10-02,fmp_non_split_adjusted,0.000200000,0.000200000,0.000100000,0.000100000,0.00010000,1.0,4553,0.000100000,0.00010000,2025-10-01,1.0,2656.4,2656.4,20
SYRS,2025-10-02,fmp_non_split_adjusted,0.000100000,0.000500000,0.000100000,0.000100000,0.00010000,1.0,13176,0.000100000,0.00010000,2025-10-01,1.0,35975.4,35975.4,20
AREB,2025-10-03,fmp_non_split_adjusted,16.750000000,17.000000000,10.310000000,10.470000000,10.47000000,1.0,822000,0.930000000,0.93000000,2025-10-02,1.0,3572000.0,3572000.0,20
ASNS,2025-10-03,fmp_non_split_adjusted,6.610000000000000132200000,7.800000000000000156000000,5.610000000000000112200000,6.250000000000000125000000,0.62500000,10.0000000000000002,35117050,3.700000000000000074000000,0.37000000,2025-10-02,10.0000000000000002,391530.2,3915302.0,20
BNAIW,2025-10-03,fmp_non_split_adjusted,0.070000000,0.146500000,0.053000000,0.115500000,0.11550000,1.0,1837553,0.030000000,0.03000000,2025-10-02,1.0,28358.3,28358.3,20
DFLI,2025-10-03,fmp_non_split_adjusted,14.600000000000000292000000,22.800000000000000456000000,13.300000000000000266000000,18.900000000000000378000000,1.89000000,10.0000000000000002,33919710,10.700000000000000214000000,1.07000000,2025-10-02,10.0000000000000002,4395916.2,43959161.5,20
GIPRW,2025-10-03,fmp_non_split_adjusted,0.064900000,0.109000000,0.058800000,0.098100000,0.09810000,1.0,29444,0.052300000,0.05230000,2025-10-01,1.0,4047.8,4047.8,18
INHD,2025-10-03,fmp_non_split_adjusted,619.199999999999991873000000,638.399999999999991621000000,609.599999999999991999000000,633.599999999999991684000000,1.32000000,479.9999999999999937,1347,1.310001599999999982806229,0.00272917,2025-10-02,479.9999999999999937,47837.5,22961976.0,20
JDZG,2025-10-03,fmp_non_split_adjusted,464.999999999999984562000000,472.499999999999984313000000,459.999999999999984728000000,469.999999999999984396000000,1.88000000,249.9999999999999917,87,1.859999999999999938248000,0.00744000,2025-10-02,249.9999999999999917,5724.6,1431150.0,20
NNNN,2025-10-03,fmp_non_split_adjusted,26.700000000,51.330000000,26.460000000,32.160000000,32.16000000,1.0,647400,25.400000000,25.40000000,2025-10-02,1.0,40500.8,40500.8,20
ORGS,2025-10-03,fmp_non_split_adjusted,0.051000000,0.790000000,0.051000000,0.051100000,0.05110000,1.0,2600,0.051000000,0.05100000,2025-10-02,1.0,761.7,761.7,20
PRST,2025-10-03,fmp_non_split_adjusted,0.000100000,0.000100000,0.000100000,0.000100000,0.00010000,1.0,0,0.000001000,0.00000100,2025-10-02,1.0,64413.1,64413.1,20
SCPX,2025-10-03,fmp_non_split_adjusted,0.000200000,0.015000000,0.000100000,0.006050000,0.00605000,1.0,6512,0.000200000,0.00020000,2025-10-02,1.0,12872.9,12872.9,20
SMFL,2025-10-03,fmp_non_split_adjusted,0.006300000,0.006300000,0.001500000,0.006000000,0.00600000,1.0,7149,0.001100000,0.00110000,2025-10-02,1.0,2259.9,2259.9,20
STAB,2025-10-03,fmp_non_split_adjusted,0.000100000,0.000200000,0.000100000,0.000200000,0.00020000,1.0,20410,0.000100000,0.00010000,2025-10-02,1.0,2558.5,2558.5,20
SYRS,2025-10-03,fmp_non_split_adjusted,0.000100000,0.005000000,0.000100000,0.005000000,0.00500000,1.0,151609,0.000100000,0.00010000,2025-10-02,1.0,36020.8,36020.8,20
TCCO,2025-10-03,fmp_non_split_adjusted,0.000200000,0.000200000,0.000200000,0.000200000,0.00020000,1.0,0,0.000001000,0.00000100,2025-10-02,1.0,627.4,627.4,20
TIOG,2025-10-03,fmp_non_split_adjusted,0.013350000,0.029900000,0.002000000,0.029900000,0.02990000,1.0,178819,0.012500000,0.01250000,2025-10-02,1.0,62463.8,62463.8,20
UOKA,2025-10-03,fmp_non_split_adjusted,3.990000000,4.840000000,3.990000000,4.680000000,4.68000000,1.0,268650,0.117600000,0.11760000,2025-10-02,1.0,1907976.3,1907976.3,20
VRPX,2025-10-03,fmp_non_split_adjusted,0.011000000,0.021000000,0.011000000,0.021000000,0.02100000,1.0,400,0.010000000,0.01000000,2025-10-02,1.0,2460.6,2460.6,20
AAGR,2025-10-06,fmp_non_split_adjusted,0.005000000,0.005000000,0.005000000,0.005000000,0.00500000,1.0,200,0.000001000,0.00000100,2025-10-03,1.0,2065.6,2065.6,20
ALFIQ,2025-10-06,fmp_non_split_adjusted,0.000100000,0.000100000,0.000100000,0.000100000,0.00010000,1.0,0,0.000001000,0.00000100,2025-10-03,1.0,724.9,724.9,20
ARBK,2025-10-06,fmp_non_split_adjusted,0.662080000,0.950000000,0.585000000,0.815510000,0.81551000,1.0,285993504,0.418010000,0.41801000,2025-10-03,1.0,4115070.0,4115070.0,20
CRML,2025-10-06,fmp_non_split_adjusted,11.500000000,16.680000000,9.150000000,11.590000000,11.59000000,1.0,159297448,7.980000000,7.98000000,2025-10-03,1.0,4823280.5,4823280.5,20
CRMLW,2025-10-06,fmp_non_split_adjusted,5.000000000,7.780000000,2.400000000,4.620000000,4.62000000,1.0,2706271,2.850000000,2.85000000,2025-10-03,1.0,122166.4,122166.4,20
MOTS,2025-10-06,fmp_non_split_adjusted,0.000100000,0.000200000,0.000100000,0.000100000,0.00010000,1.0,11343,0.000010000,0.00001000,2025-10-03,1.0,53.1,53.1,20
NVOS,2025-10-06,fmp_non_split_adjusted,0.000100000,0.007000000,0.000100000,0.000500000,0.00050000,1.0,7535,0.000100000,0.00010000,2025-10-03,1.0,3269.5,3269.5,20
ONMD,2025-10-06,fmp_non_split_adjusted,1.440000000,3.670000000,1.410000000,2.560000000,2.56000000,1.0,285238100,1.030000000,1.03000000,2025-10-03,1.0,297352.6,297352.6,20
ORGS,2025-10-06,fmp_non_split_adjusted,0.100000000,0.750000000,0.100000000,0.100000000,0.10000000,1.0,2913,0.051100000,0.05110000,2025-10-03,1.0,845.8,845.8,20
RVLPQ,2025-10-06,fmp_non_split_adjusted,0.000010000,0.000010000,0.000010000,0.000010000,0.00001000,1.0,0,0.000001000,0.00000100,2025-10-03,1.0,3236.2,3236.2,20
SLDPW,2025-10-06,fmp_non_split_adjusted,0.519800000,0.990000000,0.450000000,0.828100000,0.82810000,1.0,820843,0.462000000,0.46200000,2025-10-03,1.0,69837.5,69837.5,20
SOPA,2025-10-06,fmp_non_split_adjusted,3.170000000,6.280000000,2.730000000,5.300000000,5.30000000,1.0,209298540,1.410000000,1.41000000,2025-10-03,1.0,307094.9,307094.9,20
SPRB,2025-10-06,fmp_non_split_adjusted,34.770000000,170.000000000,30.030000000,130.400000000,130.40000000,1.0,24947100,8.820000000,8.82000000,2025-10-03,1.0,21630.0,21630.0,20
STAF,2025-10-06,fmp_non_split_adjusted,0.010000000,0.010000000,0.010000000,0.010000000,0.01000000,1.0,500,0.000100000,0.00010000,2025-10-03,1.0,10491.3,10491.3,20
ADD,2025-10-07,fmp_non_split_adjusted,4.580000000,5.230000000,2.960000000,3.400000000,3.40000000,1.0,148488025,1.660000000,1.66000000,2025-10-06,1.0,3245996.0,3245996.0,20
AFIIQ,2025-10-07,fmp_non_split_adjusted,0.000100000,0.000200000,0.000100000,0.000100000,0.00010000,1.0,12419,0.000100000,0.00010000,2025-10-06,1.0,858.9,858.9,20
BQ,2025-10-07,fmp_non_split_adjusted,14.840000000,46.700000000,10.280000000,11.550000000,11.55000000,1.0,5797600,16.000000000,16.00000000,2025-10-06,1.0,3200170.5,3200170.5,20
CHAI,2025-10-07,fmp_non_split_adjusted,14.010000000,15.060000000,7.750000000,8.410000000,8.41000000,1.0,856311,3.070000000,3.07000000,2025-10-06,1.0,1940174.0,1940174.0,20
CISS,2025-10-07,fmp_non_split_adjusted,18031.999999999999974884000000,33263.999999999999953668000000,17191.999999999999976054000000,22791.999999999999968254000000,4.07000000,5599.9999999999999922,16689,12375.999999999999982762000000,2.21000000,2025-10-06,5599.9999999999999922,106.5,596400.0,20
CNFR,2025-10-07,fmp_non_split_adjusted,1.510000000,2.830000000,1.460000000,1.840000000,1.84000000,1.0,35269771,1.290000000,1.29000000,2025-10-06,1.0,2793778.0,2793778.0,20
COCH,2025-10-07,fmp_non_split_adjusted,1.610000000,1.890000000,1.400000000,1.590000000,1.59000000,1.0,146419821,0.806800000,0.80680000,2025-10-06,1.0,261921.4,261921.4,20
COCHW,2025-10-07,fmp_non_split_adjusted,0.095000000,0.139000000,0.060000000,0.085000000,0.08500000,1.0,888939,0.035100000,0.03510000,2025-10-01,1.0,35899.6,35899.6,20
COMS,2025-10-07,fmp_non_split_adjusted,0.000300000,0.000500000,0.000300000,0.000500000,0.00050000,1.0,2976,0.000200000,0.00020000,2025-10-06,1.0,320.4,320.4,20
DMRA,2025-10-07,fmp_non_split_adjusted,24.890000000,31.700000000,16.400000000,17.920000000,17.92000000,1.0,77432200,3.710000000,3.71000000,2025-10-06,1.0,3097560.0,3097560.0,20
EPWK,2025-10-07,fmp_non_split_adjusted,5.459999999999999986350000,5.749999999999999985625000,4.239999999999999989400000,4.399999999999999989000000,0.11000000,39.9999999999999999,1586871,1.339999999999999996650000,0.03350000,2025-10-06,39.9999999999999999,38961.2,1558448.0,20
GLTO,2025-10-07,fmp_non_split_adjusted,24.890000000,31.700000000,16.400000000,17.920000000,17.92000000,1.0,77432222,3.710000000,3.71000000,2025-10-06,1.0,3097617.8,3097617.8,20
HSPOR,2025-10-07,fmp_non_split_adjusted,0.196000000,0.196000000,0.105000000,0.105000000,0.10500000,1.0,5158,0.083200000,0.08320000,2025-10-06,1.0,10249.6,10249.6,20
ICCT,2025-10-07,fmp_non_split_adjusted,0.022200000,0.022200000,0.010500000,0.011000000,0.01100000,1.0,79500,0.006000000,0.00600000,2025-10-06,1.0,6584.3,6584.3,20
NVOS,2025-10-07,fmp_non_split_adjusted,0.005000000,0.005000000,0.005000000,0.005000000,0.00500000,1.0,210,0.000500000,0.00050000,2025-10-06,1.0,3052.9,3052.9,20
ORGS,2025-10-07,fmp_non_split_adjusted,0.110000000,0.680000000,0.110000000,0.110100000,0.11010000,1.0,5400,0.100000000,0.10000000,2025-10-06,1.0,891.4,891.4,20
PRHI,2025-10-07,fmp_non_split_adjusted,10.570000000000000000000000,19.810000000000000000000000,10.220000000000000000000000,12.880000000000000000000000,1.84000000,7.0000000000000000,5038543,9.030000000000000000000000,1.29000000,2025-10-06,7.0000000000000000,399112.5,2793787.5,20
RYDE,2025-10-07,fmp_non_split_adjusted,0.372000000,0.888000000,0.365200000,0.570000000,0.57000000,1.0,96930526,0.383000000,0.38300000,2025-10-06,1.0,390984.0,390984.0,20
SCPX,2025-10-07,fmp_non_split_adjusted,0.001200000,0.011000000,0.001200000,0.011000000,0.01100000,1.0,6002,0.000200000,0.00020000,2025-10-06,1.0,13369.3,13369.3,20
TBLT,2025-10-07,fmp_non_split_adjusted,0.000500000,0.005750000,0.000500000,0.005750000,0.00575000,1.0,740,0.000100000,0.00010000,2025-10-06,1.0,99.9,99.9,20
TCCO,2025-10-07,fmp_non_split_adjusted,0.000200000,0.000200000,0.000200000,0.000200000,0.00020000,1.0,0,0.000100000,0.00010000,2025-10-06,1.0,745.8,745.8,20
TIOG,2025-10-07,fmp_non_split_adjusted,0.010000000,0.020000000,0.002500000,0.010000000,0.01000000,1.0,16200,0.010000000,0.01000000,2025-10-06,1.0,61078.2,61078.2,20
TMQ,2025-10-07,fmp_non_split_adjusted,7.230000000,7.980000000,5.960000000,6.500000000,6.50000000,1.0,212412000,2.090000000,2.09000000,2025-10-06,1.0,2682936.1,2682936.1,20
XELA,2025-10-07,fmp_non_split_adjusted,0.051400000,0.185600000,0.051400000,0.185600000,0.18560000,1.0,728,0.006000000,0.00600000,2025-10-06,1.0,7705.2,7705.2,20
ZNB,2025-10-07,fmp_non_split_adjusted,3664.000000000000013740000000,4184.000000000000015690000000,2368.000000000000008880000000,2720.000000000000010200000000,3.40000000,800.0000000000000030,185610,1328.000000000000004980000000,1.66000000,2025-10-06,800.0000000000000030,4057.5,3246000.0,20
ALFIQ,2025-10-08,fmp_non_split_adjusted,0.000100000,0.000100000,0.000100000,0.000100000,0.00010000,1.0,0,0.000001000,0.00000100,2025-10-07,1.0,865.5,865.5,20
ALP,2025-10-08,fmp_non_split_adjusted,13.250000000,13.800000000,9.770000000,10.910000000,10.91000000,1.0,29640221,5.580000000,5.58000000,2025-10-07,1.0,725742.1,725742.1,20
ATON,2025-10-08,fmp_non_split_adjusted,13.250000000,13.800000000,9.770000000,10.910000000,10.91000000,1.0,29640221,5.580000000,5.58000000,2025-10-07,1.0,725758.5,725758.5,20
BIAFW,2025-10-08,fmp_non_split_adjusted,0.450000000,0.788100000,0.410100000,0.523000000,0.52300000,1.0,33132,0.259600000,0.25960000,2025-10-07,1.0,5170.2,5170.2,20
BINI,2025-10-08,fmp_non_split_adjusted,1.240000000,2.480000000,1.190000000,1.630000000,1.63000000,1.0,26839300,1.230000000,1.23000000,2025-10-07,1.0,8180920.9,8180920.9,20
CLVR,2025-10-08,fmp_non_split_adjusted,0.000001000,0.000100000,0.000001000,0.000100000,0.00010000,1.0,766,0.000001000,0.00000100,2025-10-07,1.0,214.9,214.9,20
NXL,2025-10-08,fmp_non_split_adjusted,54.900000000000001281000000,60.000000000000001400000000,43.800000000000001022000000,55.800000000000001302000000,1.86000000,30.0000000000000007,6557231,28.146000000000000656740000,0.93820000,2025-10-07,30.0000000000000007,6621.7,198649.5,20
ORGS,2025-10-08,fmp_non_split_adjusted,0.201150000,0.890000000,0.201150000,0.470000000,0.47000000,1.0,1600,0.110100000,0.11010000,2025-10-07,1.0,1141.4,1141.4,20
RENO,2025-10-08,fmp_non_split_adjusted,0.000100000,0.000100000,0.000100000,0.000100000,0.00010000,1.0,0,0.000001000,0.00000100,2025-10-07,1.0,56.1,56.1,20
SCWO,2025-10-08,fmp_non_split_adjusted,4.900000000000000098000000,7.360000000000000147200000,4.430000000000000088600000,7.000000000000000140000000,0.70000000,10.0000000000000002,11900482,3.650000000000000073000000,0.36500000,2025-10-07,10.0000000000000002,105676.3,1056763.0,20
SMFL,2025-10-08,fmp_non_split_adjusted,0.010000000,0.010000000,0.002600000,0.003700000,0.00370000,1.0,3072,0.002500000,0.00250000,2025-10-07,1.0,2778.9,2778.9,20
STAB,2025-10-08,fmp_non_split_adjusted,0.000200000,0.000200000,0.000100000,0.000100000,0.00010000,1.0,13100,0.000100000,0.00010000,2025-10-07,1.0,150082.1,150082.1,20
TIOG,2025-10-08,fmp_non_split_adjusted,0.002500000,0.025000000,0.002500000,0.025000000,0.02500000,1.0,4100,0.010000000,0.01000000,2025-10-07,1.0,61753.2,61753.2,20
TOIIW,2025-10-08,fmp_non_split_adjusted,0.071100000,0.245000000,0.050100000,0.140300000,0.14030000,1.0,45672,0.099900000,0.09990000,2025-10-07,1.0,8072.2,8072.2,20
UFABQ,2025-10-08,fmp_non_split_adjusted,0.000100000,0.000100000,0.000100000,0.000100000,0.00010000,1.0,381,0.000001000,0.00000100,2025-10-07,1.0,559.8,559.8,20
UPC,2025-10-08,fmp_non_split_adjusted,7.410000000,11.000000000,7.030000000,9.460000000,9.46000000,1.0,22904947,5.170000000,5.17000000,2025-10-07,1.0,192807.0,192807.0,20
XBIO,2025-10-08,fmp_non_split_adjusted,11.700000000,13.930000000,9.340000000,10.360000000,10.36000000,1.0,47433048,4.290000000,4.29000000,2025-10-07,1.0,29802.5,29802.5,20
YYAI,2025-10-08,fmp_non_split_adjusted,11212.000000000000505577110000,17072.000000000000769819160000,7596.000000000000342522630000,7720.000000000000348114100000,0.19300000,40000.0000000000018037,27215,7200.000000000000324666000000,0.18000000,2025-10-07,40000.0000000000018037,577.3,23090000.0,20
AFIB,2025-10-09,fmp_non_split_adjusted,0.000500000,0.001000000,0.000500000,0.001000000,0.00100000,1.0,42496,0.000500000,0.00050000,2025-10-08,1.0,2895.7,2895.7,20
AFIIQ,2025-10-09,fmp_non_split_adjusted,0.010000000,0.010000000,0.000200000,0.000500000,0.00050000,1.0,24336,0.000100000,0.00010000,2025-10-08,1.0,1633.1,1633.1,20
BJDX,2025-10-09,fmp_non_split_adjusted,15.159999999999999621000000,16.679999999999999583000000,10.479999999999999738000000,13.119999999999999672000000,3.28000000,3.9999999999999999,26634357,7.479999999999999813000000,1.87000000,2025-10-08,3.9999999999999999,576718.2,2306872.6,20
ELMSQ,2025-10-09,fmp_non_split_adjusted,0.080000000,0.175000000,0.080000000,0.100000000,0.10000000,1.0,8905,0.082500000,0.08250000,2025-10-08,1.0,32107.3,32107.3,20
EPWK,2025-10-09,fmp_non_split_adjusted,3.979999999999999990050000,6.119999999999999984700000,3.839999999999999990400000,4.589999999999999988525000,0.11475000,39.9999999999999999,19153983,3.009999999999999992475000,0.07525000,2025-10-08,39.9999999999999999,316213.4,12648534.0,20
GGEI,2025-10-09,fmp_non_split_adjusted,0.000100000,0.000100000,0.000100000,0.000100000,0.00010000,1.0,501,0.000001000,0.00000100,2025-10-08,1.0,120929.0,120929.0,20
NUAI,2025-10-09,fmp_non_split_adjusted,1.560000000,3.180000000,1.550000000,2.830000000,2.83000000,1.0,166766600,1.540000000,1.54000000,2025-10-08,1.0,50139628.1,50139628.1,20
NXPLW,2025-10-09,fmp_non_split_adjusted,0.070500000,0.205900000,0.069900000,0.127800000,0.12780000,1.0,20397,0.047400000,0.04740000,2025-10-06,1.0,5924.7,5924.7,20
PXMD,2025-10-09,fmp_non_split_adjusted,0.000100000,0.000200000,0.000100000,0.000100000,0.00010000,1.0,328422,0.000100000,0.00010000,2025-10-08,1.0,1229.5,1229.5,20
STAB,2025-10-09,fmp_non_split_adjusted,0.000200000,0.000200000,0.000200000,0.000200000,0.00020000,1.0,1240,0.000100000,0.00010000,2025-10-08,1.0,150695.2,150695.2,20
TTRX,2025-10-09,fmp_non_split_adjusted,24.720000000,26.500000000,8.180000000,9.200000000,9.20000000,1.0,19144618,7.000000000,7.00000000,2025-10-08,1.0,402400.0,402400.0,1
AFIB,2025-10-10,fmp_non_split_adjusted,0.001100000,0.002000000,0.000400000,0.002000000,0.00200000,1.0,32305,0.001000000,0.00100000,2025-10-09,1.0,5005.5,5005.5,20
ALFIQ,2025-10-10,fmp_non_split_adjusted,0.000100000,0.000100000,0.000100000,0.000100000,0.00010000,1.0,0,0.000001000,0.00000100,2025-10-09,1.0,875.5,875.5,20
COMS,2025-10-10,fmp_non_split_adjusted,0.002000000,0.002000000,0.002000000,0.002000000,0.00200000,1.0,224,0.000800000,0.00080000,2025-10-09,1.0,633.7,633.7,20
EBET,2025-10-10,fmp_non_split_adjusted,0.002000000,0.002000000,0.002000000,0.002000000,0.00200000,1.0,2493,0.001000000,0.00100000,2025-10-09,1.0,9689.6,9689.6,20
GWH,2025-10-10,fmp_non_split_adjusted,3.630000000,5.330000000,3.040000000,4.160000000,4.16000000,1.0,280689218,1.720000000,1.72000000,2025-10-09,1.0,852728.1,852728.1,20
INHD,2025-10-10,fmp_non_split_adjusted,623.999999999999991810000000,623.999999999999991810000000,503.999999999999993385000000,527.999999999999993070000000,1.10000000,479.9999999999999937,4033,1.139999999999999985037500,0.00237500,2025-10-09,479.9999999999999937,54440.3,26131320.0,20
JDZG,2025-10-10,fmp_non_split_adjusted,457.499999999999984811000000,469.999999999999984396000000,432.499999999999985641000000,442.499999999999985309000000,1.77000000,249.9999999999999917,147,1.779999999999999940904000,0.00712000,2025-10-09,249.9999999999999917,3617.5,904362.5,20
NKGN,2025-10-10,fmp_non_split_adjusted,0.002000000,0.200000000,0.002000000,0.002000000,0.00200000,1.0,11300,0.001000000,0.00100000,2025-10-09,1.0,5864.2,5864.2,20
OLOX,2025-10-10,fmp_non_split_adjusted,55.500000000000001110000000,73.800000000000001476000000,52.800000000000001056000000,62.400000000000001248000000,6.24000000,10.0000000000000002,7480110,32.400000000000000648000000,3.24000000,2025-10-09,10.0000000000000002,47514.0,475139.5,20
QNRX,2025-10-10,fmp_non_split_adjusted,12.050000000,41.800000000,11.710000000,20.500000000,20.50000000,1.0,13968845,8.160000000,8.16000000,2025-10-09,1.0,138695.6,138695.6,20
RIBT,2025-10-10,fmp_non_split_adjusted,0.000100000,0.000100000,0.000100000,0.000100000,0.00010000,1.0,8890,0.000001000,0.00000100,2025-10-09,1.0,2806.4,2806.4,20
SGBX,2025-10-10,fmp_non_split_adjusted,5.550000000,7.380000000,5.280000000,6.240000000,6.24000000,1.0,74801100,3.240000000,3.24000000,2025-10-09,1.0,475138.4,475138.4,20
STAI,2025-10-10,fmp_non_split_adjusted,11.480000000000000057400000,18.200000000000000091000000,11.040000000000000055200000,12.500000000000000062500000,0.62500000,20.0000000000000001,11443540,8.960000000000000044800000,0.44800000,2025-10-09,20.0000000000000001,131802.5,2636050.0,20
SYNE,2025-10-10,fmp_non_split_adjusted,0.000040000,0.000040000,0.000040000,0.000040000,0.00004000,1.0,0,0.000001000,0.00000100,2025-10-09,1.0,282.8,282.8,20
TBLT,2025-10-10,fmp_non_split_adjusted,0.052200000,0.052200000,0.052200000,0.052200000,0.05220000,1.0,1195,0.000200000,0.00020000,2025-10-09,1.0,207.8,207.8,20
THMO,2025-10-10,fmp_non_split_adjusted,0.000100000,0.000100000,0.000100000,0.000100000,0.00010000,1.0,0,0.000001000,0.00000100,2025-10-09,1.0,251.5,251.5,20
TIOG,2025-10-10,fmp_non_split_adjusted,0.005100000,0.025000000,0.002000000,0.010000000,0.01000000,1.0,2300,0.003500000,0.00350000,2025-10-09,1.0,62851.9,62851.9,20
UOKA,2025-10-10,fmp_non_split_adjusted,4.450000000,4.650000000,4.300000000,4.380000000,4.38000000,1.0,72500,0.126800000,0.12680000,2025-10-09,1.0,111968.8,111968.8,20
ACONW,2025-10-13,fmp_non_split_adjusted,0.233300000,0.233300000,0.092200000,0.103100000,0.10310000,1.0,512790,0.036100000,0.03610000,2025-10-10,1.0,5469.0,5469.0,20
AQMS,2025-10-13,fmp_non_split_adjusted,6.350000000,13.220000000,6.350000000,9.910000000,9.91000000,1.0,26114200,5.660000000,5.66000000,2025-10-10,1.0,2592415.7,2592415.7,20
ELBM,2025-10-13,fmp_non_split_adjusted,3.300000000,8.700000000,3.270000000,7.020000000,7.02000000,1.0,197012300,1.650000000,1.65000000,2025-10-10,1.0,3182677.5,3182677.5,20
GWH,2025-10-13,fmp_non_split_adjusted,5.800000000,13.870000000,5.630000000,9.050000000,9.05000000,1.0,162649645,4.160000000,4.16000000,2025-10-10,1.0,14880749.1,14880749.1,20
NAMMW,2025-10-13,fmp_non_split_adjusted,0.275000000,0.380000000,0.227000000,0.340000000,0.34000000,1.0,507000,0.170000000,0.17000000,2025-10-10,1.0,38516.8,38516.8,20
NKGN,2025-10-13,fmp_non_split_adjusted,0.005000000,0.330000000,0.005000000,0.010000000,0.01000000,1.0,8700,0.002000000,0.00200000,2025-10-10,1.0,6364.2,6364.2,20
PMAX,2025-10-13,fmp_non_split_adjusted,50.200000000000001004000000,52.000000000000001040000000,33.400000000000000668000000,37.500000000000000750000000,3.75000000,10.0000000000000002,2568074,25.900000000000000518000000,2.59000000,2025-10-10,10.0000000000000002,44909.1,2458993.5,20
STI,2025-10-13,fmp_non_split_adjusted,11.590000000,27.700000000,9.300000000,21.630000000,21.63000000,1.0,100973800,5.490000000,5.49000000,2025-10-10,1.0,208499.6,208499.6,20
XCH,2025-10-13,fmp_non_split_adjusted,1.040000000,2.500000000,0.956000000,1.680000000,1.68000000,1.0,37548200,0.826000000,0.82600000,2025-10-10,1.0,34035.7,34035.7,20
AFMDQ,2025-10-14,fmp_non_split_adjusted,0.000100000,0.005000000,0.000100000,0.000100000,0.00010000,1.0,6524,0.000100000,0.00010000,2025-10-13,1.0,22013.4,22013.4,20
ALPP,2025-10-14,fmp_non_split_adjusted,0.001400000,0.001400000,0.000400000,0.000400000,0.00040000,1.0,7434,0.000400000,0.00040000,2025-10-13,1.0,7535.4,7535.4,20
AQMS,2025-10-14,fmp_non_split_adjusted,16.900000000,39.400000000,15.480000000,29.620000000,29.62000000,1.0,34583500,9.910000000,9.91000000,2025-10-13,1.0,3896720.7,3896720.7,20
EDHL,2025-10-14,fmp_non_split_adjusted,13.150079999999999506872000,19.359999999999999274000000,12.130079999999999545122000,17.119999999999999358000000,1.07000000,15.9999999999999994,5432344,7.979999999999999700750000,0.49875000,2025-10-13,15.9999999999999994,23535.7,376570.4,20
ELAB,2025-10-14,fmp_non_split_adjusted,9302.399999999999965116000000,10684.799999999999959932000000,7862.399999999999970516000000,8668.799999999999967492000000,36.12000000,239.9999999999999991,21261,5001.599999999999981244000000,20.84000000,2025-10-13,239.9999999999999991,356.7,85596.0,20
GWAV,2025-10-14,fmp_non_split_adjusted,17.160000000,24.000000000,15.050000000,17.550000000,17.55000000,1.0,25973819,8.510000000,8.51000000,2025-10-13,1.0,183685.0,183685.0,20
ICCT,2025-10-14,fmp_non_split_adjusted,0.001900000,0.011000000,0.001900000,0.011000000,0.01100000,1.0,1643,0.000300000,0.00030000,2025-10-13,1.0,8378.2,8378.2,20
NKGN,2025-10-14,fmp_non_split_adjusted,0.020000000,0.020000000,0.020000000,0.020000000,0.02000000,1.0,2200,0.010000000,0.01000000,2025-10-13,1.0,6794.2,6794.2,20
NVA,2025-10-14,fmp_non_split_adjusted,11.4500000000000000000000000000,16.2800000000000000000000000000,9.6200000000000000000000000000,14.3700000000000000000000000000,71.85000000,0.20000000000000000000,239894125,6.8300000000000000000000000000,34.15000000,2025-10-13,0.20000000000000000000,3264887.3,652977.5,20
NVAWW,2025-10-14,fmp_non_split_adjusted,50.000000000,67.840000000,46.900000000,66.660000000,66.66000000,1.0,34175,25.780000000,25.78000000,2025-10-13,1.0,7813.6,7813.6,20
PRST,2025-10-14,fmp_non_split_adjusted,0.000100000,0.000100000,0.000100000,0.000100000,0.00010000,1.0,0,0.000001000,0.00000100,2025-10-13,1.0,67741.0,67741.0,20
RMCOW,2025-10-14,fmp_non_split_adjusted,0.125500000,0.220000000,0.125000000,0.165100000,0.16510000,1.0,552523,0.080000000,0.08000000,2025-10-13,1.0,38534.7,38534.7,20
SCPX,2025-10-14,fmp_non_split_adjusted,0.001100000,0.001100000,0.001100000,0.001100000,0.00110000,1.0,3617,0.000300000,0.00030000,2025-10-13,1.0,15163.9,15163.9,20
UGRO,2025-10-14,fmp_non_split_adjusted,12.239999999999999412480000,19.499999999999999064000000,10.999999999999999472000000,14.369999999999999310240000,0.57480000,24.9999999999999988,9127050,9.299999999999999553600000,0.37200000,2025-10-13,24.9999999999999988,12006.6,300163.7,20
XELA,2025-10-14,fmp_non_split_adjusted,0.001600000,0.011100000,0.001600000,0.001800000,0.00180000,1.0,4900,0.001800000,0.00180000,2025-10-13,1.0,7748.9,7748.9,20
APLM,2025-10-15,fmp_non_split_adjusted,18.400000000,42.120000000,18.250000000,19.500000000,19.50000000,1.0,534600,18.430000000,18.43000000,2025-10-14,1.0,34115.0,34115.0,20
COOT,2025-10-15,fmp_non_split_adjusted,3.890000000,4.500000000,2.520000000,2.640000000,2.64000000,1.0,185489000,0.965000000,0.96500000,2025-10-14,1.0,4910264.8,4910264.8,20
GETR,2025-10-15,fmp_non_split_adjusted,0.000300000,0.004800000,0.000300000,0.004800000,0.00480000,1.0,2291,0.000300000,0.00030000,2025-10-14,1.0,11182.6,11182.6,20
GNPX,2025-10-15,fmp_non_split_adjusted,527.560000000000046377320000,1210.000000000000106370000000,501.600000000000044095200000,924.000000000000081228000000,0.84000000,1100.0000000000000967,846309,277.860000000000024426420000,0.25260000,2025-10-14,1100.0000000000000967,5321.3,5853430.0,20
MIGI,2025-10-15,fmp_non_split_adjusted,22.000000000000000110000000,40.000000000000000200000000,20.200000000000000101000000,28.600000000000000143000000,1.43000000,20.0000000000000001,673065,19.980000000000000099900000,0.99900000,2025-10-14,20.0000000000000001,104446.5,2088929.0,20
OMER,2025-10-15,fmp_non_split_adjusted,11.590000000,12.100000000,9.190000000,10.420000000,10.42000000,1.0,125221000,4.100000000,4.10000000,2025-10-14,1.0,1012531.6,1012531.6,20
OPTXW,2025-10-15,fmp_non_split_adjusted,0.130000000,0.233400000,0.107500000,0.170000000,0.17000000,1.0,326355,0.110680000,0.11068000,2025-10-14,1.0,21292.3,21292.3,20
PFAI,2025-10-15,fmp_non_split_adjusted,3.430000000,4.930000000,3.010000000,4.570000000,4.57000000,1.0,63248700,1.910000000,1.91000000,2025-10-14,1.0,110319.7,110319.7,20
RENO,2025-10-15,fmp_non_split_adjusted,0.000100000,0.000100000,0.000100000,0.000100000,0.00010000,1.0,0,0.000001000,0.00000100,2025-10-14,1.0,225.9,225.9,20
SDOT,2025-10-15,fmp_non_split_adjusted,220.000000000000001100000000,260.400000000000001302000000,141.600000000000000708000000,154.400000000000000772000000,7.72000000,20.0000000000000001,1015981,103.800000000000000519000000,5.19000000,2025-10-14,20.0000000000000001,16706.2,334123.0,20
STAB,2025-10-15,fmp_non_split_adjusted,0.000100000,0.000200000,0.000100000,0.000100000,0.00010000,1.0,118174,0.000100000,0.00010000,2025-10-14,1.0,150184.5,150184.5,20
TIOG,2025-10-15,fmp_non_split_adjusted,0.015000000,0.025000000,0.015000000,0.015000000,0.01500000,1.0,93619,0.010000000,0.01000000,2025-10-14,1.0,58346.9,58346.9,20
ALPP,2025-10-16,fmp_non_split_adjusted,0.000400000,0.000900000,0.000400000,0.000900000,0.00090000,1.0,18491,0.000400000,0.00040000,2025-10-15,1.0,8974.4,8974.4,20
ELWS,2025-10-16,fmp_non_split_adjusted,3.960000000,8.830000000,3.900000000,5.100000000,5.10000000,1.0,31567435,3.680000000,3.68000000,2025-10-15,1.0,177765.4,177765.4,20
IVF,2025-10-16,fmp_non_split_adjusted,30.149999999999999924625000,84.399999999999999789000000,28.799999999999999928000000,55.999999999999999860000000,1.40000000,39.9999999999999999,5575328,30.149999999999999924625000,0.75375000,2025-10-15,39.9999999999999999,3521.5,140860.0,20
LEJUY,2025-10-16,fmp_non_split_adjusted,0.002200000,0.002200000,0.002200000,0.002200000,0.00220000,1.0,1478,0.000200000,0.00020000,2025-10-15,1.0,1920.4,1920.4,20
ORGS,2025-10-16,fmp_non_split_adjusted,1.000000000,1.000000000,1.000000000,1.000000000,1.00000000,1.0,120,0.150000000,0.15000000,2025-10-15,1.0,1405.6,1405.6,20
PRAX,2025-10-16,fmp_non_split_adjusted,158.290000000,205.890000000,156.410000000,162.710000000,162.71000000,1.0,13741900,57.350000000,57.35000000,2025-10-15,1.0,413132.7,413132.7,20
PSNYW,2025-10-16,fmp_non_split_adjusted,10.200000000000000238000000,14.400000000000000336000000,9.000000000000000210000000,9.300000000000000217000000,0.31000000,30.0000000000000007,1459550,6.000000000000000140000000,0.20000000,2025-10-15,30.0000000000000007,9816.4,294490.5,20
RYOJ,2025-10-16,fmp_non_split_adjusted,4.500000000,5.350000000,3.530000000,4.760000000,4.76000000,1.0,28790400,2.170000000,2.17000000,2025-10-15,1.0,916894.4,916894.4,20
SYRS,2025-10-16,fmp_non_split_adjusted,0.005000000,0.010000000,0.000200000,0.000200000,0.00020000,1.0,189113,0.005000000,0.00500000,2025-10-15,1.0,64931.4,64931.4,20
TBLT,2025-10-16,fmp_non_split_adjusted,0.051000000,0.051000000,0.050500000,0.050500000,0.05050000,1.0,6501,0.000200000,0.00020000,2025-10-15,1.0,335.1,335.1,20
UFABQ,2025-10-16,fmp_non_split_adjusted,0.000100000,0.000100000,0.000100000,0.000100000,0.00010000,1.0,0,0.000001000,0.00000100,2025-10-15,1.0,585.9,585.9,20
VIVK,2025-10-16,fmp_non_split_adjusted,0.479000000,0.596000000,0.232900000,0.290000000,0.29000000,1.0,405220000,0.295100000,0.29510000,2025-10-15,1.0,27312400.0,27312400.0,20
VSEEW,2025-10-16,fmp_non_split_adjusted,0.034000000,0.057400000,0.021100000,0.021300000,0.02130000,1.0,204698,0.020600000,0.02060000,2025-10-15,1.0,10677.0,10677.0,20
XELA,2025-10-16,fmp_non_split_adjusted,0.080100000,0.080100000,0.080100000,0.080100000,0.08010000,1.0,300,0.002300000,0.00230000,2025-10-15,1.0,6749.8,6749.8,20
AFMDQ,2025-10-17,fmp_non_split_adjusted,0.000100000,0.006000000,0.000100000,0.000100000,0.00010000,1.0,3056,0.000100000,0.00010000,2025-10-16,1.0,21858.3,21858.3,20
ARTV,2025-10-17,fmp_non_split_adjusted,5.590000000,7.360000000,5.140000000,6.010000000,6.01000000,1.0,100333000,2.770000000,2.77000000,2025-10-16,1.0,1188309.6,1188309.6,20
ICCT,2025-10-17,fmp_non_split_adjusted,0.022200000,0.022200000,0.022200000,0.022200000,0.02220000,1.0,309,0.011000000,0.01100000,2025-10-16,1.0,6776.8,6776.8,20
INHD,2025-10-17,fmp_non_split_adjusted,537.599999999999992944000000,571.199999999999992503000000,537.599999999999992944000000,547.199999999999992818000000,1.14000000,479.9999999999999937,918,1.139999999999999985037500,0.00237500,2025-10-16,479.9999999999999937,190748.1,91559088.0,20
JDZG,2025-10-17,fmp_non_split_adjusted,452.499999999999984977000000,479.999999999999984064000000,442.499999999999985309000000,447.499999999999985143000000,1.79000000,249.9999999999999917,432,1.839999999999999938912000,0.00736000,2025-10-16,249.9999999999999917,11725.6,2931400.0,20
NVOS,2025-10-17,fmp_non_split_adjusted,0.002150000,0.060000000,0.002150000,0.060000000,0.06000000,1.0,516,0.008000000,0.00800000,2025-10-16,1.0,3656.2,3656.2,20
RANI,2025-10-17,fmp_non_split_adjusted,1.370000000,2.390000000,1.130000000,1.640000000,1.64000000,1.0,492838500,0.470900000,0.47090000,2025-10-16,1.0,328364.6,328364.6,20
RENO,2025-10-17,fmp_non_split_adjusted,0.000100000,0.000100000,0.000100000,0.000100000,0.00010000,1.0,0,0.000001000,0.00000100,2025-10-16,1.0,274.9,274.9,20
RVLPQ,2025-10-17,fmp_non_split_adjusted,0.000010000,0.000010000,0.000010000,0.000010000,0.00001000,1.0,0,0.000001000,0.00000100,2025-10-16,1.0,9920.7,9920.7,20
SYRS,2025-10-17,fmp_non_split_adjusted,0.000200000,0.001300000,0.000200000,0.000400000,0.00040000,1.0,17510,0.000200000,0.00020000,2025-10-16,1.0,74095.3,74095.3,20
TCCO,2025-10-17,fmp_non_split_adjusted,0.000100000,0.000100000,0.000100000,0.000100000,0.00010000,1.0,200,0.000001000,0.00000100,2025-10-16,1.0,1134.5,1134.5,20
UOKA,2025-10-17,fmp_non_split_adjusted,4.620000000,4.820000000,4.510000000,4.590000000,4.59000000,1.0,49350,0.130800000,0.13080000,2025-10-16,1.0,136161.3,136161.3,20
AFMDQ,2025-10-20,fmp_non_split_adjusted,0.000100000,0.006000000,0.000100000,0.000100000,0.00010000,1.0,5273,0.000100000,0.00010000,2025-10-17,1.0,21718.2,21718.2,20
ANRO,2025-10-20,fmp_non_split_adjusted,6.750000000,12.190000000,6.720000000,11.000000000,11.00000000,1.0,17768400,6.080000000,6.08000000,2025-10-17,1.0,3409549.4,3409549.4,20
BGMSP,2025-10-20,fmp_non_split_adjusted,6.720000000,14.000000000,5.200000000,6.200000000,6.20000000,1.0,103300,6.400000000,6.40000000,2025-10-17,1.0,4653.1,4653.1,20
BYND,2025-10-20,fmp_non_split_adjusted,30.600000000000000714000000,45.900000000000001071000000,26.436000000000000616840000,44.100000000000001029000000,1.47000000,30.0000000000000007,40094290,19.368000000000000451920000,0.64560000,2025-10-17,30.0000000000000007,1914359.5,57430783.5,20
CLVR,2025-10-20,fmp_non_split_adjusted,0.000100000,0.000200000,0.000100000,0.000200000,0.00020000,1.0,1522,0.000100000,0.00010000,2025-10-17,1.0,176.5,176.5,20
ELYS,2025-10-20,fmp_non_split_adjusted,0.069350000,0.069350000,0.000200000,0.000200000,0.00020000,1.0,5000,0.000200000,0.00020000,2025-10-17,1.0,18301.9,18301.9,20
EVLO,2025-10-20,fmp_non_split_adjusted,0.000500000,0.000500000,0.000500000,0.000500000,0.00050000,1.0,653,0.000200000,0.00020000,2025-10-17,1.0,1451.1,1451.1,20
GSIT,2025-10-20,fmp_non_split_adjusted,7.500000000,18.150000000,7.340000000,12.970000000,12.97000000,1.0,115841100,5.080000000,5.08000000,2025-10-17,1.0,293800.7,293800.7,20
NUAIW,2025-10-20,fmp_non_split_adjusted,1.250000000,1.600000000,1.010000000,1.390000000,1.39000000,1.0,1128619,0.790000000,0.79000000,2025-10-17,1.0,468480.0,468480.0,20
OCEA,2025-10-20,fmp_non_split_adjusted,0.001000000,0.003000000,0.001000000,0.001000000,0.00100000,1.0,891900,0.001000000,0.00100000,2025-10-17,1.0,1283580.5,1283580.5,20
PRST,2025-10-20,fmp_non_split_adjusted,0.000100000,0.000100000,0.000100000,0.000100000,0.00010000,1.0,0,0.000001000,0.00000100,2025-10-17,1.0,63738.6,63738.6,20
REPL,2025-10-20,fmp_non_split_adjusted,9.190000000,10.290000000,8.610000000,8.950000000,8.95000000,1.0,110714700,4.500000000,4.50000000,2025-10-17,1.0,3491325.2,3491325.2,20
SCPX,2025-10-20,fmp_non_split_adjusted,0.006050000,0.020000000,0.006050000,0.020000000,0.02000000,1.0,61381,0.000200000,0.00020000,2025-10-17,1.0,3937.5,3937.5,20
STAB,2025-10-20,fmp_non_split_adjusted,0.000200000,0.000200000,0.000200000,0.000200000,0.00020000,1.0,620,0.000100000,0.00010000,2025-10-17,1.0,155950.5,155950.5,20
SYRS,2025-10-20,fmp_non_split_adjusted,0.000800000,0.000800000,0.000400000,0.000400000,0.00040000,1.0,10933,0.000400000,0.00040000,2025-10-17,1.0,74630.9,74630.9,20
VCNX,2025-10-20,fmp_non_split_adjusted,0.969700000,0.969700000,0.900000000,0.969550000,0.96955000,1.0,2000,0.480000000,0.48000000,2025-10-17,1.0,1336.2,1336.2,20
ZEVY,2025-10-20,fmp_non_split_adjusted,0.000100000,0.000100000,0.000100000,0.000100000,0.00010000,1.0,0,0.000001000,0.00000100,2025-10-17,1.0,1122.7,1122.7,20
AFMDQ,2025-10-21,fmp_non_split_adjusted,0.000100000,0.006000000,0.000100000,0.000100000,0.00010000,1.0,5372,0.000100000,0.00010000,2025-10-20,1.0,21526.7,21526.7,20
BYND,2025-10-21,fmp_non_split_adjusted,69.300000000000001617000000,115.800000000000002702000000,57.900000000000001351000000,108.600000000000002534000000,3.62000000,30.0000000000000007,69052310,44.100000000000001029000000,1.47000000,2025-10-20,30.0000000000000007,3916225.9,117486777.0,20
ICCT,2025-10-21,fmp_non_split_adjusted,0.100000000,0.100000000,0.000200000,0.000200000,0.00020000,1.0,10200,0.011000000,0.01100000,2025-10-20,1.0,6639.5,6639.5,20
NERV,2025-10-21,fmp_non_split_adjusted,6.740000000,12.460000000,5.980000000,6.410000000,6.41000000,1.0,166732500,2.660000000,2.66000000,2025-10-20,1.0,692879.6,692879.6,20
ORGS,2025-10-21,fmp_non_split_adjusted,0.890000000,0.890000000,0.890000000,0.890000000,0.89000000,1.0,235,0.150000000,0.15000000,2025-10-20,1.0,1314.7,1314.7,20
RYOJ,2025-10-21,fmp_non_split_adjusted,4.870000000,11.430000000,4.550000000,9.120000000,9.12000000,1.0,23618200,3.800000000,3.80000000,2025-10-20,1.0,2401185.2,2401185.2,20
SYRS,2025-10-21,fmp_non_split_adjusted,0.000800000,0.000800000,0.000400000,0.000400000,0.00040000,1.0,21018,0.000400000,0.00040000,2025-10-20,1.0,74659.6,74659.6,20
VSEE,2025-10-21,fmp_non_split_adjusted,0.580700000,0.995000000,0.560100000,0.945200000,0.94520000,1.0,263334900,0.488300000,0.48830000,2025-10-20,1.0,2831328.1,2831328.1,20
VSEEW,2025-10-21,fmp_non_split_adjusted,0.039600000,0.066900000,0.034200000,0.048000000,0.04800000,1.0,673122,0.032300000,0.03230000,2025-10-20,1.0,22219.0,22219.0,20
XELA,2025-10-21,fmp_non_split_adjusted,0.011100000,0.036100000,0.011100000,0.011100000,0.01110000,1.0,8522,0.011200000,0.01120000,2025-10-20,1.0,7209.1,7209.1,20
ARMP,2025-10-22,fmp_non_split_adjusted,3.500000000,16.340000000,3.470000000,7.050000000,7.05000000,1.0,13062700,3.470000000,3.47000000,2025-10-21,1.0,9641.6,9641.6,20
BENF,2025-10-22,fmp_non_split_adjusted,6.759999999999999831000000,12.479999999999999688000000,6.339999999999999841500000,11.919999999999999702000000,1.49000000,7.9999999999999998,42430175,3.899999999999999902500000,0.48750000,2025-10-21,7.9999999999999998,4461434.6,35691476.8,20
BYND,2025-10-22,fmp_non_split_adjusted,185.100000000000004319000000,230.700000000000005383000000,78.600000000000001834000000,107.400000000000002506000000,3.58000000,30.0000000000000007,74264607,108.600000000000002534000000,3.62000000,2025-10-21,30.0000000000000007,7365021.1,220950631.5,20
DZZ,2025-10-22,fmp_non_split_adjusted,2.380000000,4.270000000,2.380000000,2.660000000,2.66000000,1.0,1269700,1.990000000,1.99000000,2025-10-21,1.0,25731.6,25731.6,20
ELYS,2025-10-22,fmp_non_split_adjusted,0.000500000,0.000500000,0.000500000,0.000500000,0.00050000,1.0,3112,0.000200000,0.00020000,2025-10-21,1.0,18518.9,18518.9,20
ICCT,2025-10-22,fmp_non_split_adjusted,0.000600000,0.011000000,0.000600000,0.011000000,0.01100000,1.0,2900,0.000200000,0.00020000,2025-10-21,1.0,6694.3,6694.3,20
MOTS,2025-10-22,fmp_non_split_adjusted,0.000200000,0.000200000,0.000200000,0.000200000,0.00020000,1.0,12650,0.000100000,0.00010000,2025-10-21,1.0,1016.6,1016.6,20
NMRD,2025-10-22,fmp_non_split_adjusted,0.000200000,0.000200000,0.000200000,0.000200000,0.00020000,1.0,204,0.000100000,0.00010000,2025-10-21,1.0,2097.4,2097.4,20
RNWWW,2025-10-22,fmp_non_split_adjusted,0.008000000,0.019800000,0.008000000,0.010500000,0.01050000,1.0,310855,0.008400000,0.00840000,2025-10-21,1.0,93724.8,93724.8,20
SCPX,2025-10-22,fmp_non_split_adjusted,0.000700000,0.050000000,0.000300000,0.000300000,0.00030000,1.0,8170,0.006050000,0.00605000,2025-10-21,1.0,7577.5,7577.5,20
TBLT,2025-10-22,fmp_non_split_adjusted,0.110000000,0.110000000,0.110000000,0.110000000,0.11000000,1.0,6574,0.051000000,0.05100000,2025-10-21,1.0,714.5,714.5,20
TIOG,2025-10-22,fmp_non_split_adjusted,0.020000000,0.020000000,0.004300000,0.005000000,0.00500000,1.0,10900,0.004300000,0.00430000,2025-10-21,1.0,42024.8,42024.8,20
YYAI,2025-10-22,fmp_non_split_adjusted,7572.000000000000341440410000,8395.600000000000378578593000,4556.000000000000205441430000,7564.000000000000341079670000,0.18910000,40000.0000000000018037,61843,3236.000000000000145919330000,0.08090000,2025-10-21,40000.0000000000018037,7153.4,286136000.0,20
AFIIQ,2025-10-23,fmp_non_split_adjusted,0.010000000,0.010000000,0.010000000,0.010000000,0.01000000,1.0,150,0.000100000,0.00010000,2025-10-22,1.0,2753.5,2753.5,20
ALLGF,2025-10-23,fmp_non_split_adjusted,0.000100000,0.000800000,0.000100000,0.000800000,0.00080000,1.0,1903,0.000100000,0.00010000,2025-10-22,1.0,502.3,502.3,20
CLVR,2025-10-23,fmp_non_split_adjusted,0.000001000,0.500050000,0.000001000,0.000100000,0.00010000,1.0,882,0.000200000,0.00020000,2025-10-22,1.0,252.6,252.6,20
FUSEW,2025-10-23,fmp_non_split_adjusted,0.141600000,0.340100000,0.141600000,0.211100000,0.21110000,1.0,76374,0.140000000,0.14000000,2025-10-22,1.0,200465.0,200465.0,2
FXLV,2025-10-23,fmp_non_split_adjusted,0.010000000,0.135000000,0.010000000,0.135000000,0.13500000,1.0,230,0.063500000,0.06350000,2025-10-22,1.0,3463.3,3463.3,20
LGMK,2025-10-23,fmp_non_split_adjusted,2.470000000,2.550000000,2.470000000,2.500000000,2.50000000,1.0,730800,0.003310000,0.00331000,2025-10-22,1.0,3399787.1,3399787.1,20
MSAI,2025-10-23,fmp_non_split_adjusted,26.799999999999999933000000,55.999999999999999860000000,26.799999999999999933000000,53.999999999999999865000000,1.35000000,39.9999999999999999,2403863,26.769999999999999933075000,0.66925000,2025-10-22,39.9999999999999999,45198.3,1807932.0,20
ORGS,2025-10-23,fmp_non_split_adjusted,0.900000000,0.900000000,0.160000000,0.180100000,0.18010000,1.0,1014,0.250000000,0.25000000,2025-10-22,1.0,1311.4,1311.4,20
PRST,2025-10-23,fmp_non_split_adjusted,0.000100000,0.000100000,0.000100000,0.000100000,0.00010000,1.0,0,0.000001000,0.00000100,2025-10-22,1.0,56642.3,56642.3,20
SCNX,2025-10-23,fmp_non_split_adjusted,0.921600000,2.600000000,0.824610000,2.600000000,2.60000000,1.0,801016500,0.571500000,0.57150000,2025-10-22,1.0,6166463.5,6166463.5,20
SCPX,2025-10-23,fmp_non_split_adjusted,0.001100000,0.001100000,0.001100000,0.001100000,0.00110000,1.0,403,0.000300000,0.00030000,2025-10-22,1.0,7980.6,7980.6,20
TIOG,2025-10-23,fmp_non_split_adjusted,0.007500000,0.020000000,0.007500000,0.008750000,0.00875000,1.0,8900,0.005000000,0.00500000,2025-10-22,1.0,42479.8,42479.8,20
VTYX,2025-10-23,fmp_non_split_adjusted,7.500000000,7.820000000,6.550000000,6.600000000,6.60000000,1.0,116865645,3.860000000,3.86000000,2025-10-22,1.0,2622667.7,2622667.7,20
XELA,2025-10-23,fmp_non_split_adjusted,0.051200000,0.051200000,0.051200000,0.051200000,0.05120000,1.0,723,0.011100000,0.01110000,2025-10-22,1.0,7470.3,7470.3,20
AFMDQ,2025-10-24,fmp_non_split_adjusted,0.001000000,0.005000000,0.001000000,0.001000000,0.00100000,1.0,43137,0.000100000,0.00010000,2025-10-23,1.0,14804.8,14804.8,20
ALFIQ,2025-10-24,fmp_non_split_adjusted,0.000100000,0.000100000,0.000100000,0.000100000,0.00010000,1.0,0,0.000001000,0.00000100,2025-10-23,1.0,433.8,433.8,20
CARM,2025-10-24,fmp_non_split_adjusted,0.035000000,0.100000000,0.034000000,0.041000000,0.04100000,1.0,1071300,0.037000000,0.03700000,2025-10-23,1.0,2352116.1,2352116.1,20
CENN,2025-10-24,fmp_non_split_adjusted,13.080000000000000196200000,27.150000000000000407250000,11.410200000000000171153000,12.859800000000000192897000,0.21433000,60.0000000000000009,3368162,12.960000000000000194400000,0.21600000,2025-10-23,60.0000000000000009,135069.7,8104182.0,20
CFOR,2025-10-24,fmp_non_split_adjusted,0.000900000,0.000900000,0.000900000,0.000900000,0.00090000,1.0,166,0.000100000,0.00010000,2025-10-23,1.0,200.3,200.3,20
ELYS,2025-10-24,fmp_non_split_adjusted,0.000200000,0.069350000,0.000200000,0.000500000,0.00050000,1.0,1525,0.000500000,0.00050000,2025-10-23,1.0,17762.2,17762.2,20
GNTA,2025-10-24,fmp_non_split_adjusted,9.970000000,10.000000000,5.680000000,6.200000000,6.20000000,1.0,21920600,3.230000000,3.23000000,2025-10-23,1.0,10262.4,10262.4,20
ICCT,2025-10-24,fmp_non_split_adjusted,0.011000000,0.011000000,0.011000000,0.011000000,0.01100000,1.0,2200,0.002000000,0.00200000,2025-10-23,1.0,6834.3,6834.3,20
INBX,2025-10-24,fmp_non_split_adjusted,49.130000000,60.200000000,46.010000000,57.290000000,57.29000000,1.0,6079600,28.360000000,28.36000000,2025-10-23,1.0,231337.5,231337.5,20
INHD,2025-10-24,fmp_non_split_adjusted,499.199999999999993448000000,527.999999999999993070000000,494.399999999999993511000000,508.799999999999993322000000,1.06000000,479.9999999999999937,630,1.070001599999999985956229,0.00222917,2025-10-23,479.9999999999999937,178363.6,85614528.0,20
JDZG,2025-10-24,fmp_non_split_adjusted,482.499999999999983981000000,509.999999999999983068000000,479.999999999999984064000000,489.999999999999983732000000,1.96000000,249.9999999999999917,235,1.889999999999999937252000,0.00756000,2025-10-23,249.9999999999999917,12147.9,3036962.5,20
MAMK,2025-10-24,fmp_non_split_adjusted,2.700000000,7.580000000,2.550000000,5.290000000,5.29000000,1.0,4853000,2.990000000,2.99000000,2025-10-23,1.0,254062.2,254062.2,20
MEDS,2025-10-24,fmp_non_split_adjusted,44.360000000000001863120000,73.000000000000003066000000,43.640000000000001832880000,57.500000000000002415000000,1.15000000,50.0000000000000021,14493198,20.150000000000000846300000,0.40300000,2025-10-23,50.0000000000000021,69957.5,3497872.5,20
NEUP,2025-10-24,fmp_non_split_adjusted,6.300000000,8.440000000,5.660000000,6.240000000,6.24000000,1.0,83669632,4.050000000,4.05000000,2025-10-23,1.0,299264.5,299264.5,20
OPGN,2025-10-24,fmp_non_split_adjusted,0.000900000,0.000900000,0.000900000,0.000900000,0.00090000,1.0,166,0.000100000,0.00010000,2025-10-23,1.0,200.3,200.3,20
QTI,2025-10-24,fmp_non_split_adjusted,2.550000000,6.350000000,2.510000000,6.270000000,6.27000000,1.0,793302,2.220000000,2.22000000,2025-10-23,1.0,35484.4,35484.4,20
SYNE,2025-10-24,fmp_non_split_adjusted,0.000100000,0.000100000,0.000100000,0.000100000,0.00010000,1.0,21725,0.000040000,0.00004000,2025-10-23,1.0,78.2,78.2,20
TOVX,2025-10-24,fmp_non_split_adjusted,0.434900000,0.850000000,0.341600000,0.345000000,0.34500000,1.0,549590800,0.342000000,0.34200000,2025-10-23,1.0,14454487.0,14454487.0,20
UOKA,2025-10-24,fmp_non_split_adjusted,4.190000000,4.260000000,4.190000000,4.260000000,4.26000000,1.0,2075,0.120400000,0.12040000,2025-10-23,1.0,129493.8,129493.8,20
WGRX,2025-10-24,fmp_non_split_adjusted,44.360000000000001863120000,73.000000000000003066000000,43.640000000000001832880000,57.500000000000002415000000,1.15000000,50.0000000000000021,14493198,20.150000000000000846300000,0.40300000,2025-10-23,50.0000000000000021,69957.5,3497872.5,20
AFIIQ,2025-10-27,fmp_non_split_adjusted,0.040000000,0.040000000,0.040000000,0.040000000,0.04000000,1.0,150,0.000100000,0.00010000,2025-10-24,1.0,2823.5,2823.5,20
AFMDQ,2025-10-27,fmp_non_split_adjusted,0.001000000,0.005000000,0.001000000,0.001000000,0.00100000,1.0,31405,0.001000000,0.00100000,2025-10-24,1.0,15922.5,15922.5,20
AMPE,2025-10-27,fmp_non_split_adjusted,0.125000000,0.144150000,0.125000000,0.144150000,0.14415000,1.0,5138,0.003100000,0.00310000,2025-10-24,1.0,1912.0,1912.0,20
BKYI,2025-10-27,fmp_non_split_adjusted,19.000000000000000380000000,19.700000000000000394000000,10.200000000000000204000000,10.200000000000000204000000,1.02000000,10.0000000000000002,26666932,7.700000000000000154000000,0.77000000,2025-10-24,10.0000000000000002,11916.8,119168.0,20
BSFC,2025-10-27,fmp_non_split_adjusted,0.012500000,0.036900000,0.012000000,0.030000000,0.03000000,1.0,3528700,0.012100000,0.01210000,2025-10-24,1.0,524881.3,524881.3,20
CODX,2025-10-27,fmp_non_split_adjusted,17.820000000000000415800000,46.500000000000001085000000,17.490000000000000408100000,37.800000000000000882000000,1.26000000,30.0000000000000007,37193430,10.530000000000000245700000,0.35100000,2025-10-24,30.0000000000000007,36698.8,1100964.0,20
COMS,2025-10-27,fmp_non_split_adjusted,0.003100000,0.010000000,0.003100000,0.003100000,0.00310000,1.0,8148,0.001100000,0.00110000,2025-10-24,1.0,643.4,643.4,20
DZZ,2025-10-27,fmp_non_split_adjusted,4.930000000,11.760000000,4.700000000,8.420000000,8.42000000,1.0,5771024,3.600000000,3.60000000,2025-10-24,1.0,103507.6,103507.6,20
MAMK,2025-10-27,fmp_non_split_adjusted,4.160000000,12.780000000,3.000000000,3.440000000,3.44000000,1.0,5210400,5.290000000,5.29000000,2025-10-24,1.0,496287.2,496287.2,20
NMRD,2025-10-27,fmp_non_split_adjusted,0.000200000,0.000200000,0.000200000,0.000200000,0.00020000,1.0,0,0.000001000,0.00000100,2025-10-24,1.0,875.1,875.1,20
ORGS,2025-10-27,fmp_non_split_adjusted,0.160000000,0.800000000,0.150000000,0.150000000,0.15000000,1.0,2500,0.180000000,0.18000000,2025-10-24,1.0,1261.3,1261.3,20
POLCQ,2025-10-27,fmp_non_split_adjusted,0.000100000,0.000100000,0.000100000,0.000100000,0.00010000,1.0,0,0.000001000,0.00000100,2025-10-24,1.0,392.2,392.2,20
RVLPQ,2025-10-27,fmp_non_split_adjusted,0.000010000,0.000010000,0.000010000,0.000010000,0.00001000,1.0,0,0.000001000,0.00000100,2025-10-24,1.0,9738.7,9738.7,20
SLHGF,2025-10-27,fmp_non_split_adjusted,0.000010000,0.000010000,0.000010000,0.000010000,0.00001000,1.0,0,0.000001000,0.00000100,2025-10-24,1.0,3500.0,3500.0,20
SMFL,2025-10-27,fmp_non_split_adjusted,0.002000000,0.002000000,0.002000000,0.002000000,0.00200000,1.0,2362,0.000900000,0.00090000,2025-10-24,1.0,1651.5,1651.5,20
SNAX,2025-10-27,fmp_non_split_adjusted,0.002000000,0.002000000,0.002000000,0.002000000,0.00200000,1.0,19500,0.001000000,0.00100000,2025-10-24,1.0,2740.0,2740.0,20
SOHO,2025-10-27,fmp_non_split_adjusted,2.130000000,2.150000000,2.120000000,2.150000000,2.15000000,1.0,10532700,0.890300000,0.89030000,2025-10-24,1.0,74881.3,74881.3,20
THMO,2025-10-27,fmp_non_split_adjusted,0.000100000,0.000100000,0.000100000,0.000100000,0.00010000,1.0,132,0.000001000,0.00000100,2025-10-24,1.0,332.7,332.7,20
UFABQ,2025-10-27,fmp_non_split_adjusted,0.000100000,0.000100000,0.000100000,0.000100000,0.00010000,1.0,0,0.000001000,0.00000100,2025-10-24,1.0,349.8,349.8,20
ALPP,2025-10-28,fmp_non_split_adjusted,0.000500000,0.001100000,0.000400000,0.000700000,0.00070000,1.0,19089,0.000500000,0.00050000,2025-10-27,1.0,7614.1,7614.1,20
ATTOF,2025-10-28,fmp_non_split_adjusted,0.000001000,0.000200000,0.000001000,0.000001000,0.00000100,1.0,600,0.000100000,0.00010000,2025-10-27,1.0,3005.5,3005.5,20
FOXO,2025-10-28,fmp_non_split_adjusted,0.700000000,1.500000000,0.700000000,1.000000000,1.00000000,1.0,49632,0.700000000,0.70000000,2025-10-27,1.0,12051.5,12051.5,20
FPAY,2025-10-28,fmp_non_split_adjusted,0.010000000,0.030000000,0.010000000,0.010000000,0.01000000,1.0,105800,0.010000000,0.01000000,2025-10-27,1.0,1591131.7,1591131.7,20
OCEA,2025-10-28,fmp_non_split_adjusted,0.001000000,0.002000000,0.001000000,0.002000000,0.00200000,1.0,293300,0.001000000,0.00100000,2025-10-27,1.0,891624.4,891624.4,20
PRST,2025-10-28,fmp_non_split_adjusted,0.000100000,0.000100000,0.000100000,0.000100000,0.00010000,1.0,0,0.000001000,0.00000100,2025-10-27,1.0,16606.7,16606.7,20
RENO,2025-10-28,fmp_non_split_adjusted,0.000100000,0.000100000,0.000100000,0.000100000,0.00010000,1.0,0,0.000001000,0.00000100,2025-10-27,1.0,308.7,308.7,20
RNWWW,2025-10-28,fmp_non_split_adjusted,0.016300000,0.040000000,0.016300000,0.035100000,0.03510000,1.0,1519242,0.010300000,0.01030000,2025-10-27,1.0,124157.8,124157.8,20
SCPX,2025-10-28,fmp_non_split_adjusted,0.000200000,0.002600000,0.000200000,0.001200000,0.00120000,1.0,21183,0.001200000,0.00120000,2025-10-27,1.0,8150.0,8150.0,20
SMFL,2025-10-28,fmp_non_split_adjusted,0.002600000,0.010000000,0.002600000,0.010000000,0.01000000,1.0,10182,0.002000000,0.00200000,2025-10-27,1.0,1731.8,1731.8,20
SRZNW,2025-10-28,fmp_non_split_adjusted,0.007500000,1.210000000,0.001000000,0.015000000,0.01500000,1.0,406376,0.008900000,0.00890000,2025-10-27,1.0,31984.1,31984.1,20
SYRS,2025-10-28,fmp_non_split_adjusted,0.000800000,0.000800000,0.000400000,0.000400000,0.00040000,1.0,5216,0.000400000,0.00040000,2025-10-27,1.0,51931.9,51931.9,20
VSEE,2025-10-28,fmp_non_split_adjusted,2.390000000,2.520000000,1.030000000,1.060000000,1.06000000,1.0,337745209,0.617500000,0.61750000,2025-10-27,1.0,16919285.3,16919285.3,20
VSEEW,2025-10-28,fmp_non_split_adjusted,0.090000000,0.149900000,0.090000000,0.110100000,0.11010000,1.0,1244466,0.032000000,0.03200000,2025-10-27,1.0,62604.1,62604.1,20
XELA,2025-10-28,fmp_non_split_adjusted,0.061100000,0.080000000,0.050000000,0.055550000,0.05555000,1.0,13411,0.020000000,0.02000000,2025-10-27,1.0,7745.9,7745.9,20
XHLD,2025-10-28,fmp_non_split_adjusted,7.240050000000000241335000,13.470000000000000449000000,6.379950000000000212665000,6.379950000000000212665000,0.42533000,15.0000000000000005,56327360,4.200000000000000140000000,0.28000000,2025-10-27,15.0000000000000005,197919.0,2968784.3,20
AFIIQ,2025-10-29,fmp_non_split_adjusted,0.040000000,0.040000000,0.040000000,0.040000000,0.04000000,1.0,1250,0.000100000,0.00010000,2025-10-28,1.0,2893.5,2893.5,20
AFMDQ,2025-10-29,fmp_non_split_adjusted,0.001800000,0.006000000,0.001800000,0.005900000,0.00590000,1.0,275317,0.001800000,0.00180000,2025-10-28,1.0,17356.6,17356.6,20
ATTOF,2025-10-29,fmp_non_split_adjusted,0.000100000,0.000100000,0.000100000,0.000100000,0.00010000,1.0,570,0.000001000,0.00000100,2025-10-28,1.0,3035.5,3035.5,20
CMBM,2025-10-29,fmp_non_split_adjusted,2.260000000,4.180000000,1.580000000,2.950000000,2.95000000,1.0,560232132,0.618000000,0.61800000,2025-10-28,1.0,195207.9,195207.9,20
CRKN,2025-10-29,fmp_non_split_adjusted,0.013000000,0.050000000,0.011000000,0.040000000,0.04000000,1.0,9834,0.012000000,0.01200000,2025-10-28,1.0,2485.0,2485.0,20
ELYS,2025-10-29,fmp_non_split_adjusted,0.000200000,0.000500000,0.000200000,0.000500000,0.00050000,1.0,10000,0.000200000,0.00020000,2025-10-28,1.0,16204.2,16204.2,20
ERNA,2025-10-29,fmp_non_split_adjusted,54.249999999999997396000000,71.499999999999996568000000,37.749999999999998188000000,43.999999999999997888000000,1.76000000,24.9999999999999988,8606898,31.249999999999998500000000,1.25000000,2025-10-28,24.9999999999999988,2058.1,51452.5,20
ICCT,2025-10-29,fmp_non_split_adjusted,0.002600000,0.022200000,0.000500000,0.000500000,0.00050000,1.0,58604,0.002500000,0.00250000,2025-10-28,1.0,6585.6,6585.6,20
KBNT,2025-10-29,fmp_non_split_adjusted,0.000100000,0.000200000,0.000100000,0.000200000,0.00020000,1.0,15484,0.000100000,0.00010000,2025-10-28,1.0,1971.8,1971.8,20
OCEA,2025-10-29,fmp_non_split_adjusted,0.001000000,0.004000000,0.001000000,0.002000000,0.00200000,1.0,129900,0.002000000,0.00200000,2025-10-28,1.0,870974.4,870974.4,20
PPBT,2025-10-29,fmp_non_split_adjusted,10.700000000000000214000000,14.100000000000000282000000,8.630000000000000172600000,10.600000000000000212000000,1.06000000,10.0000000000000002,41728394,5.830000000000000116600000,0.58300000,2025-10-28,10.0000000000000002,23501.7,235016.5,20
AAGR,2025-10-30,fmp_non_split_adjusted,0.005000000,0.005000000,0.000001000,0.000001000,0.00000100,1.0,387,0.000100000,0.00010000,2025-10-29,1.0,127.9,127.9,20
ALFIQ,2025-10-30,fmp_non_split_adjusted,0.000100000,0.000100000,0.000100000,0.000100000,0.00010000,1.0,8342,0.000001000,0.00000100,2025-10-29,1.0,400.9,400.9,20
BQ,2025-10-30,fmp_non_split_adjusted,7.780000000,56.100000000,7.780000000,16.970000000,16.97000000,1.0,2960500,7.940000000,7.94000000,2025-10-29,1.0,946380.2,946380.2,20
CMBM,2025-10-30,fmp_non_split_adjusted,5.560000000,6.800000000,3.290000000,3.750000000,3.75000000,1.0,252371409,2.950000000,2.95000000,2025-10-29,1.0,28202234.5,28202234.5,20
ENSV,2025-10-30,fmp_non_split_adjusted,0.005000000,0.005000000,0.005000000,0.005000000,0.00500000,1.0,5001,0.000500000,0.00050000,2025-10-29,1.0,40562.7,40562.7,20
FXLV,2025-10-30,fmp_non_split_adjusted,0.120000000,0.120000000,0.100000000,0.100000000,0.10000000,1.0,717,0.011000000,0.01100000,2025-10-29,1.0,2398.3,2398.3,20
HBIO,2025-10-30,fmp_non_split_adjusted,5.730000000000000114600000,9.400000000000000188000000,5.240000000000000104800000,6.300000000000000126000000,0.63000000,10.0000000000000002,31873740,4.470000000000000089400000,0.44700000,2025-10-29,10.0000000000000002,69485.2,694851.5,20
ICCT,2025-10-30,fmp_non_split_adjusted,0.000700000,0.001000000,0.000700000,0.001000000,0.00100000,1.0,1543,0.000500000,0.00050000,2025-10-29,1.0,9285.8,9285.8,20
INTS,2025-10-30,fmp_non_split_adjusted,19.329999999999999072160000,43.499999999999997912000000,15.999999999999999232000000,32.999999999999998416000000,1.32000000,24.9999999999999988,57349140,6.669999999999999679840000,0.26680000,2025-10-29,24.9999999999999988,232773.4,5819335.0,20
OCEA,2025-10-30,fmp_non_split_adjusted,0.004000000,0.004000000,0.001000000,0.001000000,0.00100000,1.0,27800,0.002000000,0.00200000,2025-10-29,1.0,837869.4,837869.4,20
ORGS,2025-10-30,fmp_non_split_adjusted,0.150000000,0.910000000,0.150000000,0.150000000,0.15000000,1.0,400,0.150000000,0.15000000,2025-10-29,1.0,1289.6,1289.6,20
PXMD,2025-10-30,fmp_non_split_adjusted,0.000100000,0.005000000,0.000100000,0.005000000,0.00500000,1.0,15101,0.000100000,0.00010000,2025-10-29,1.0,18332.7,18332.7,20
SRAX,2025-10-30,fmp_non_split_adjusted,0.011550000,0.011550000,0.011100000,0.011100000,0.01110000,1.0,9600,0.002000000,0.00200000,2025-10-29,1.0,2923.7,2923.7,20
SYRS,2025-10-30,fmp_non_split_adjusted,0.000800000,0.000800000,0.000400000,0.000400000,0.00040000,1.0,4987,0.000400000,0.00040000,2025-10-29,1.0,50801.4,50801.4,20
TIOG,2025-10-30,fmp_non_split_adjusted,0.020000000,0.020000000,0.003600000,0.003600000,0.00360000,1.0,49146,0.003500000,0.00350000,2025-10-29,1.0,41081.1,41081.1,20
XELA,2025-10-30,fmp_non_split_adjusted,0.080300000,0.080300000,0.050000000,0.050000000,0.05000000,1.0,1717,0.032000000,0.03200000,2025-10-29,1.0,5600.6,5600.6,20
AAGR,2025-10-31,fmp_non_split_adjusted,0.005000000,0.005000000,0.005000000,0.005000000,0.00500000,1.0,100,0.000001000,0.00000100,2025-10-30,1.0,147.3,147.3,20
AFIIQ,2025-10-31,fmp_non_split_adjusted,0.000200000,0.000200000,0.000200000,0.000200000,0.00020000,1.0,5001,0.000100000,0.00010000,2025-10-30,1.0,2769.1,2769.1,20
COMS,2025-10-31,fmp_non_split_adjusted,0.001200000,0.002200000,0.001200000,0.002200000,0.00220000,1.0,2137,0.001100000,0.00110000,2025-10-30,1.0,1143.1,1143.1,20
ELYS,2025-10-31,fmp_non_split_adjusted,0.000400000,0.000500000,0.000400000,0.000400000,0.00040000,1.0,8855,0.000200000,0.00020000,2025-10-30,1.0,16735.6,16735.6,20
EPWK,2025-10-31,fmp_non_split_adjusted,5.119999999999999987200000,6.519999999999999983700000,3.139999999999999992150000,3.419999999999999991450000,0.08550000,39.9999999999999999,35295252,2.649999999999999993375000,0.06625000,2025-10-30,39.9999999999999999,2139034.6,85561384.0,20
HKD,2025-10-31,fmp_non_split_adjusted,2.790000000,5.470000000,2.380000000,2.950000000,2.95000000,1.0,325291812,1.690000000,1.69000000,2025-10-30,1.0,219819.4,219819.4,20
INHD,2025-10-31,fmp_non_split_adjusted,499.199999999999993448000000,527.999999999999993070000000,494.399999999999993511000000,523.199999999999993133000000,1.09000000,479.9999999999999937,603,1.089998399999999985693771,0.00227083,2025-10-30,479.9999999999999937,181996.6,87358344.0,20
JDZG,2025-10-31,fmp_non_split_adjusted,474.999999999999984230000000,524.999999999999982570000000,474.999999999999984230000000,509.999999999999983068000000,2.04000000,249.9999999999999917,400,2.019999999999999932936000,0.00808000,2025-10-30,249.9999999999999917,11924.0,2981000.0,20
MSPR,2025-10-31,fmp_non_split_adjusted,0.280000000,0.702800000,0.196200000,0.220000000,0.22000000,1.0,94254038,0.315600000,0.31560000,2025-10-30,1.0,1570499.7,1570499.7,20
OCEA,2025-10-31,fmp_non_split_adjusted,0.001000000,0.004000000,0.001000000,0.001000000,0.00100000,1.0,432100,0.001000000,0.00100000,2025-10-30,1.0,785784.4,785784.4,20
ORGS,2025-10-31,fmp_non_split_adjusted,0.890000000,0.890000000,0.150000000,0.150000000,0.15000000,1.0,1800,0.150000000,0.15000000,2025-10-30,1.0,1299.6,1299.6,20
PRST,2025-10-31,fmp_non_split_adjusted,0.000100000,0.000100000,0.000100000,0.000100000,0.00010000,1.0,55100,0.000001000,0.00000100,2025-10-30,1.0,20044.0,20044.0,20
RVLPQ,2025-10-31,fmp_non_split_adjusted,0.000010000,0.000010000,0.000010000,0.000010000,0.00001000,1.0,600,0.000001000,0.00000100,2025-10-30,1.0,47944.3,47944.3,20
SYRS,2025-10-31,fmp_non_split_adjusted,0.000400000,0.010000000,0.000400000,0.000400000,0.00040000,1.0,7201,0.000400000,0.00040000,2025-10-30,1.0,50392.0,50392.0,20
TIOG,2025-10-31,fmp_non_split_adjusted,0.004000000,0.029900000,0.003000000,0.003000000,0.00300000,1.0,11100,0.003600000,0.00360000,2025-10-30,1.0,43003.4,43003.4,20
UOKA,2025-10-31,fmp_non_split_adjusted,4.140000000,4.200000000,4.130000000,4.170000000,4.17000000,1.0,2425,0.118400000,0.11840000,2025-10-30,1.0,75727.5,75727.5,20
