AEC,2025-08-01,1.00000000,75.00000000,stock-split,fmp_stable
DRMA,2025-08-01,1.00000000,10.00000000,stock-split,fmp_stable
HCTI,2025-08-01,1.00000000,249.00000000,stock-split,fmp_stable
ANGH,2025-08-04,1.00000000,10.00000000,stock-split,fmp_stable
AQMS,2025-08-04,1.00000000,10.00000000,stock-split,fmp_stable
BINI,2025-08-04,1.00000000,250.00000000,stock-split,fmp_stable
FBDC,2025-08-04,1.00000000,5.00000000,stock-split,fmp_stable
FLGC,2025-08-04,1.00000000,39.00000000,stock-split,fmp_stable
MULN,2025-08-04,1.00000000,250.00000000,stock-split,fmp_stable
NIVF,2025-08-04,1.00000000,5.00000000,stock-split,fmp_stable
UNIT,2025-08-04,301.00000000,500.00000000,stock-split,fmp_stable
ZSTK,2025-08-04,1.00000000,39.00000000,stock-split,fmp_stable
ACXP,2025-08-05,1.00000000,20.00000000,stock-split,fmp_stable
CLDI,2025-08-05,1.00000000,12.00000000,stock-split,fmp_stable
MKZR,2025-08-05,1.00000000,10.00000000,stock-split,fmp_stable
OST,2025-08-05,1.00000000,25.00000000,stock-split,fmp_stable
SPRB,2025-08-05,1.00000000,75.00000000,stock-split,fmp_stable
SEAT,2025-08-06,1.00000000,20.00000000,stock-split,fmp_stable
SMX,2025-08-07,1.00000000,7.00000000,stock-split,fmp_stable
DEVS,2025-08-08,1.00000000,10.00000000,stock-split,fmp_stable
EVTV,2025-08-08,1.00000000,10.00000000,stock-split,fmp_stable
HTCO,2025-08-08,1.00000000,25.00000000,stock-split,fmp_stable
NCNA,2025-08-08,1.00000000,200.00000000,stock-split,fmp_stable
ZBAI,2025-08-08,1.00000000,18.00000000,stock-split,fmp_stable
SISI,2025-08-11,1.00000000,50.00000000,stock-split,fmp_stable
VERU,2025-08-11,1.00000000,10.00000000,stock-split,fmp_stable
WATT,2025-08-11,1.00000000,30.00000000,stock-split,fmp_stable
FEED,2025-08-12,1.00000000,10.00000000,stock-split,fmp_stable
NAOV,2025-08-12,1.00000000,10.00000000,stock-split,fmp_stable
PTN,2025-08-12,1.00000000,50.00000000,stock-split,fmp_stable
CONI,2025-08-15,1.00000000,20.00000000,stock-split,fmp_stable
HIND,2025-08-15,1.00000000,4.00000000,stock-split,fmp_stable
RSLS,2025-08-15,1.00000000,4.00000000,stock-split,fmp_stable
VTAK,2025-08-15,1.00000000,19.00000000,stock-split,fmp_stable
CHSN,2025-08-18,1.00000000,80.00000000,stock-split,fmp_stable
DCOY,2025-08-18,1.00000000,15.00000000,stock-split,fmp_stable
ENTO,2025-08-18,1.00000000,3.00000000,stock-split,fmp_stable
GRDX,2025-08-18,1.00000000,3.00000000,stock-split,fmp_stable
SLRX,2025-08-18,1.00000000,15.00000000,stock-split,fmp_stable
LNZA,2025-08-19,1.00000000,100.00000000,stock-split,fmp_stable
GIBO,2025-08-20,1.00000000,200.00000000,stock-split,fmp_stable
AZTR,2025-08-21,6.66000000,1.00000000,stock-split,fmp_stable
ADD,2025-08-22,1.00000000,25.00000000,stock-split,fmp_stable
OESX,2025-08-22,1.00000000,10.00000000,stock-split,fmp_stable
ZNB,2025-08-22,1.00000000,25.00000000,stock-split,fmp_stable
BCTX,2025-08-25,1.00000000,10.00000000,stock-split,fmp_stable
FRSX,2025-08-25,1.00000000,7.00000000,stock-split,fmp_stable
GTI,2025-08-25,1.00000000,60.00000000,stock-split,fmp_stable
GWAV,2025-08-25,1.00000000,110.00000000,stock-split,fmp_stable
OP,2025-08-25,1.00000000,25.00000000,stock-split,fmp_stable
QH,2025-08-25,1.00000000,90.00000000,stock-split,fmp_stable
SUGP,2025-08-25,1.00000000,10.00000000,stock-split,fmp_stable
SVRN,2025-08-25,1.00000000,25.00000000,stock-split,fmp_stable
AKAN,2025-08-26,8.00000000,25.00000000,stock-split,fmp_stable
CMMB,2025-08-26,1.00000000,4.00000000,stock-split,fmp_stable
USAS,2025-08-26,2.00000000,5.00000000,stock-split,fmp_stable
TRIB,2025-08-27,1.00000000,5.00000000,stock-split,fmp_stable
CITR,2025-08-28,1.00000000,6.00000000,stock-split,fmp_stable
DRIO,2025-08-28,1.00000000,20.00000000,stock-split,fmp_stable
GDHG,2025-08-28,1.00000000,15.00000000,stock-split,fmp_stable
EAF,2025-08-29,1.00000000,10.00000000,stock-split,fmp_stable
LTRY,2025-08-29,1.00000000,10.00000000,stock-split,fmp_stable
SEGG,2025-08-29,1.00000000,10.00000000,stock-split,fmp_stable
TC,2025-08-29,1.00000000,20.00000000,stock-split,fmp_stable
CTEC,2025-09-02,1.00000000,5.00000000,stock-split,fmp_stable
ELAB,2025-09-02,2.00000000,7.00000000,stock-split,fmp_stable
GNOM,2025-09-02,1.00000000,4.00000000,stock-split,fmp_stable
HEAL,2025-09-02,1.00000000,3.00000000,stock-split,fmp_stable
KROP,2025-09-02,1.00000000,3.00000000,stock-split,fmp_stable
LCID,2025-09-02,1.00000000,10.00000000,stock-split,fmp_stable
MSPR,2025-09-02,1.00000000,7.00000000,stock-split,fmp_stable
NOTE,2025-09-02,1.00000000,12.00000000,stock-split,fmp_stable
QCLS,2025-09-02,1.00000000,100.00000000,stock-split,fmp_stable
RNRG,2025-09-02,1.00000000,3.00000000,stock-split,fmp_stable
TNFA,2025-09-02,1.00000000,100.00000000,stock-split,fmp_stable
WLGS,2025-09-02,1.00000000,250.00000000,stock-split,fmp_stable
ABTC,2025-09-03,1.00000000,5.00000000,stock-split,fmp_stable
GRYP,2025-09-03,1.00000000,5.00000000,stock-split,fmp_stable
ALCE,2025-09-05,1.00000000,200.00000000,stock-split,fmp_stable
BNDD,2025-09-05,1.00000000,8.00000000,stock-split,fmp_stable
CNF,2025-09-05,1.00000000,10.00000000,stock-split,fmp_stable
KITT,2025-09-05,1.00000000,9.00000000,stock-split,fmp_stable
METCB,2025-09-05,1011.00000000,1000.00000000,stock-split,fmp_stable
TIRX,2025-09-05,1.00000000,5.00000000,stock-split,fmp_stable
VIVK,2025-09-05,517.00000000,500.00000000,stock-split,fmp_stable
SGBX,2025-09-07,1.00000000,64.00000000,stock-split,fmp_stable
GLXG,2025-09-08,1.00000000,10.00000000,stock-split,fmp_stable
GP,2025-09-08,1.00000000,10.00000000,stock-split,fmp_stable
HDB,2025-09-08,2.00000000,1.00000000,stock-split,fmp_stable
OLOX,2025-09-08,1.00000000,64.00000000,stock-split,fmp_stable
OXLC,2025-09-08,1.00000000,5.00000000,stock-split,fmp_stable
SDST,2025-09-08,1.00000000,10.00000000,stock-split,fmp_stable
WAI,2025-09-08,1.00000000,25.00000000,stock-split,fmp_stable
DGNX,2025-09-09,8.00000000,1.00000000,stock-split,fmp_stable
STKH,2025-09-10,1.00000000,8.00000000,stock-split,fmp_stable
RIV,2025-09-11,103.00000000,100.00000000,stock-split,fmp_stable
BDSX,2025-09-15,1.00000000,20.00000000,stock-split,fmp_stable
CLSD,2025-09-15,1.00000000,15.00000000,stock-split,fmp_stable
CLSDQ,2025-09-15,1.00000000,15.00000000,stock-split,fmp_stable
SDOT,2025-09-15,1.00000000,10.00000000,stock-split,fmp_stable
ELVR,2025-09-16,1.00000000,10.00000000,stock-split,fmp_stable
NXTT,2025-09-16,1.00000000,200.00000000,stock-split,fmp_stable
REX,2025-09-16,2.00000000,1.00000000,stock-split,fmp_stable
VCIG,2025-09-16,1.00000000,30.00000000,stock-split,fmp_stable
SQNS,2025-09-17,1.00000000,10.00000000,stock-split,fmp_stable
ATHA,2025-09-18,1.00000000,10.00000000,stock-split,fmp_stable
ECDA,2025-09-18,1.00000000,40.00000000,stock-split,fmp_stable
LONA,2025-09-18,1.00000000,10.00000000,stock-split,fmp_stable
BIAF,2025-09-19,1.00000000,30.00000000,stock-split,fmp_stable
VOR,2025-09-19,1.00000000,20.00000000,stock-split,fmp_stable
BINI,2025-09-22,1.00000000,250.00000000,stock-split,fmp_stable
GMRE,2025-09-22,1.00000000,5.00000000,stock-split,fmp_stable
MULN,2025-09-22,1.00000000,250.00000000,stock-split,fmp_stable
NITO,2025-09-22,1.00000000,35.00000000,stock-split,fmp_stable
NXTS,2025-09-22,1.00000000,35.00000000,stock-split,fmp_stable
XRN,2025-09-22,1.00000000,5.00000000,stock-split,fmp_stable
FTEL,2025-09-23,1.00000000,16.00000000,stock-split,fmp_stable
GMEX,2025-09-23,1.00000000,16.00000000,stock-split,fmp_stable
NRIM,2025-09-23,4.00000000,1.00000000,stock-split,fmp_stable
WHLR,2025-09-23,1.00000000,5.00000000,stock-split,fmp_stable
MNDR,2025-09-25,1.00000000,5.00000000,stock-split,fmp_stable
IBG,2025-09-26,1.00000000,5.00000000,stock-split,fmp_stable
LVO,2025-09-26,1.00000000,10.00000000,stock-split,fmp_stable
CETX,2025-09-29,1.00000000,15.00000000,stock-split,fmp_stable
EDZ,2025-09-29,1.00000000,10.00000000,stock-split,fmp_stable
FAZ,2025-09-29,1.00000000,10.00000000,stock-split,fmp_stable
LABD,2025-09-29,1.00000000,10.00000000,stock-split,fmp_stable
LESL,2025-09-29,1.00000000,20.00000000,stock-split,fmp_stable
ORKT,2025-09-29,1.00000000,4.00000000,stock-split,fmp_stable
SPXS,2025-09-29,1.00000000,10.00000000,stock-split,fmp_stable
AGPU,2025-09-30,1.00000000,15.00000000,stock-split,fmp_stable
LNAI,2025-09-30,1.00000000,10.00000000,stock-split,fmp_stable
POAI,2025-09-30,1.00000000,15.00000000,stock-split,fmp_stable
RENB,2025-09-30,1.00000000,10.00000000,stock-split,fmp_stable
YAAS,2025-09-30,1.00000000,80.00000000,stock-split,fmp_stable
CETXP,2025-10-02,21.00000000,20.00000000,stock-split,fmp_stable
AREB,2025-10-03,1.00000000,20.00000000,stock-split,fmp_stable
CETY,2025-10-06,1.00000000,15.00000000,stock-split,fmp_stable
GGR,2025-10-06,1.00000000,20.00000000,stock-split,fmp_stable
NVNI,2025-10-06,1.00000000,10.00000000,stock-split,fmp_stable
PMAX,2025-10-06,1.00000000,8.00000000,stock-split,fmp_stable
CHAI,2025-10-07,1.00000000,4.00000000,stock-split,fmp_stable
NCL,2025-10-07,1.00000000,8.00000000,stock-split,fmp_stable
SYTA,2025-10-07,1.00000000,4.00000000,stock-split,fmp_stable
BN,2025-10-10,3.00000000,2.00000000,stock-split,fmp_stable
BNT,2025-10-10,3.00000000,2.00000000,stock-split,fmp_stable
CLIK,2025-10-10,1.00000000,30.00000000,stock-split,fmp_stable
MOB,2025-10-10,1.00000000,275.00000000,stock-split,fmp_stable
MOVE,2025-10-10,1.00000000,10.00000000,stock-split,fmp_stable
CDT,2025-10-13,1.00000000,8.00000000,stock-split,fmp_stable
JYD,2025-10-13,1.00000000,50.00000000,stock-split,fmp_stable
LGCL,2025-10-13,1.00000000,40.00000000,stock-split,fmp_stable
LPSN,2025-10-13,1.00000000,15.00000000,stock-split,fmp_stable
PSIG,2025-10-13,1.00000000,8.00000000,stock-split,fmp_stable
AEMD,2025-10-20,1.00000000,10.00000000,stock-split,fmp_stable
DHAI,2025-10-20,1.00000000,25.00000000,stock-split,fmp_stable
ETHZ,2025-10-20,1.00000000,10.00000000,stock-split,fmp_stable
FRMM,2025-10-20,1.00000000,10.00000000,stock-split,fmp_stable
SENS,2025-10-20,1.00000000,20.00000000,stock-split,fmp_stable
APPX,2025-10-21,3.00000000,1.00000000,stock-split,fmp_stable
GNPX,2025-10-21,1.00000000,50.00000000,stock-split,fmp_stable
NVDS,2025-10-21,1.00000000,3.00000000,stock-split,fmp_stable
TSLQ,2025-10-21,1.00000000,3.00000000,stock-split,fmp_stable
WOK,2025-10-21,1.00000000,100.00000000,stock-split,fmp_stable
GDXD,2025-10-22,1.00000000,20.00000000,stock-split,fmp_stable
SMX,2025-10-23,91.00000000,1000.00000000,stock-split,fmp_stable
CYCU,2025-10-27,1.00000000,30.00000000,stock-split,fmp_stable
GURE,2025-10-27,1.00000000,10.00000000,stock-split,fmp_stable
IPW,2025-10-27,1.00000000,30.00000000,stock-split,fmp_stable
SONM,2025-10-27,1.00000000,18.00000000,stock-split,fmp_stable
YYAI,2025-10-27,1.00000000,50.00000000,stock-split,fmp_stable
ENVB,2025-10-28,1.00000000,12.00000000,stock-split,fmp_stable
LINK,2025-10-29,3.00000000,2.00000000,stock-split,fmp_stable
NVA,2025-10-29,5.00000000,1.00000000,stock-split,fmp_stable
NVDQ,2025-10-29,1.00000000,20.00000000,stock-split,fmp_stable
TSLZ,2025-10-29,1.00000000,20.00000000,stock-split,fmp_stable
NCEL,2025-10-31,1.00000000,10.00000000,stock-split,fmp_stable
NLSP,2025-10-31,1.00000000,10.00000000,stock-split,fmp_stable
ABP,2025-11-03,1.00000000,30.00000000,stock-split,fmp_stable
ABPO,2025-11-03,1.00000000,30.00000000,stock-split,fmp_stable
ADTX,2025-11-03,1.00000000,113.00000000,stock-split,fmp_stable
CJET,2025-11-03,1.00000000,100.00000000,stock-split,fmp_stable
DCX,2025-11-03,1.00000000,100.00000000,stock-split,fmp_stable
DD,2025-11-03,239.00000000,100.00000000,stock-split,fmp_stable
REED,2025-11-03,1.00000000,6.00000000,stock-split,fmp_stable
RETO,2025-11-03,1.00000000,5.00000000,stock-split,fmp_stable
FLYE,2025-11-04,1.00000000,20.00000000,stock-split,fmp_stable
IPST,2025-11-05,1.00000000,20.00000000,stock-split,fmp_stable
RAY,2025-11-07,1.00000000,16.00000000,stock-split,fmp_stable
IOTR,2025-11-10,1.00000000,10.00000000,stock-split,fmp_stable
LXP,2025-11-11,1.00000000,5.00000000,stock-split,fmp_stable
YGMZ,2025-11-12,1.00000000,16.00000000,stock-split,fmp_stable
YGMZF,2025-11-12,1.00000000,16.00000000,stock-split,fmp_stable
NCEW,2025-11-14,1.00000000,8.00000000,stock-split,fmp_stable
CANG,2025-11-17,2.00000000,1.00000000,stock-split,fmp_stable
EPWK,2025-11-17,1.00000000,40.00000000,stock-split,fmp_stable
GFR,2025-11-17,561.00000000,500.00000000,stock-split,fmp_stable
NFLX,2025-11-17,10.00000000,1.00000000,stock-split,fmp_stable
ASNS,2025-11-18,1.00000000,10.00000000,stock-split,fmp_stable
SMX,2025-11-18,1.00000000,8.00000000,stock-split,fmp_stable
BZQ,2025-11-20,1.00000000,2.00000000,stock-split,fmp_stable
DDM,2025-11-20,2.00000000,1.00000000,stock-split,fmp_stable
EEV,2025-11-20,1.00000000,2.00000000,stock-split,fmp_stable
ETHD,2025-11-20,1.00000000,10.00000000,stock-split,fmp_stable
FXP,2025-11-20,1.00000000,2.00000000,stock-split,fmp_stable
GLL,2025-11-20,1.00000000,2.00000000,stock-split,fmp_stable
LTL,2025-11-20,4.00000000,1.00000000,stock-split,fmp_stable
QLD,2025-11-20,2.00000000,1.00000000,stock-split,fmp_stable
SDS,2025-11-20,1.00000000,5.00000000,stock-split,fmp_stable
SETH,2025-11-20,1.00000000,4.00000000,stock-split,fmp_stable
SPXU,2025-11-20,1.00000000,4.00000000,stock-split,fmp_stable
SQQQ,2025-11-20,1.00000000,5.00000000,stock-split,fmp_stable
SRTY,2025-11-20,1.00000000,4.00000000,stock-split,fmp_stable
SSG,2025-11-20,1.00000000,4.00000000,stock-split,fmp_stable
SSO,2025-11-20,2.00000000,1.00000000,stock-split,fmp_stable
TQQQ,2025-11-20,2.00000000,1.00000000,stock-split,fmp_stable
UDOW,2025-11-20,2.00000000,1.00000000,stock-split,fmp_stable
UPW,2025-11-20,4.00000000,1.00000000,stock-split,fmp_stable
USD,2025-11-20,2.00000000,1.00000000,stock-split,fmp_stable
UVXY,2025-11-20,1.00000000,5.00000000,stock-split,fmp_stable
YXI,2025-11-20,1.00000000,2.00000000,stock-split,fmp_stable
BGDE,2025-11-21,1.00000000,20.00000000,stock-split,fmp_stable
BLMZ,2025-11-21,1.00000000,10.00000000,stock-split,fmp_stable
EZGO,2025-11-21,1.00000000,25.00000000,stock-split,fmp_stable
FXHO,2025-11-21,1.00000000,100.00000000,stock-split,fmp_stable
JXG,2025-11-21,1.00000000,15.00000000,stock-split,fmp_stable
MIGI,2025-11-21,1.00000000,20.00000000,stock-split,fmp_stable
WTO,2025-11-21,1.00000000,100.00000000,stock-split,fmp_stable
MHUA,2025-11-24,1.00000000,100.00000000,stock-split,fmp_stable
MESA,2025-11-25,1.00000000,15.00000000,stock-split,fmp_stable
PHGE,2025-11-25,1.00000000,19.00000000,stock-split,fmp_stable
RJET,2025-11-25,1.00000000,15.00000000,stock-split,fmp_stable
WEAT,2025-11-25,1.00000000,5.00000000,stock-split,fmp_stable
LGHL,2025-11-26,1.00000000,13.00000000,stock-split,fmp_stable
CRESY,2025-11-28,41.00000000,40.00000000,stock-split,fmp_stable
IVF,2025-11-28,1.00000000,8.00000000,stock-split,fmp_stable
PLRZ,2025-11-28,1.00000000,6.00000000,stock-split,fmp_stable
PMN,2025-11-28,1.00000000,25.00000000,stock-split,fmp_stable
KXIN,2025-12-01,1.00000000,30.00000000,stock-split,fmp_stable
LARK,2025-12-01,21.00000000,20.00000000,stock-split,fmp_stable
MBRX,2025-12-01,1.00000000,25.00000000,stock-split,fmp_stable
MRNY,2025-12-01,1.00000000,10.00000000,stock-split,fmp_stable
NIVF,2025-12-01,1.00000000,5.00000000,stock-split,fmp_stable
TSLY,2025-12-01,1.00000000,5.00000000,stock-split,fmp_stable
ULTY,2025-12-01,1.00000000,10.00000000,stock-split,fmp_stable
WHLR,2025-12-01,1.00000000,2.00000000,stock-split,fmp_stable
XYZY,2025-12-01,1.00000000,5.00000000,stock-split,fmp_stable
YBIT,2025-12-01,1.00000000,5.00000000,stock-split,fmp_stable
ABNY,2025-12-02,1.00000000,5.00000000,stock-split,fmp_stable
AIYY,2025-12-02,1.00000000,10.00000000,stock-split,fmp_stable
ARCX,2025-12-02,1.00000000,5.00000000,stock-split,fmp_stable
CONY,2025-12-02,1.00000000,10.00000000,stock-split,fmp_stable
CRSH,2025-12-02,1.00000000,10.00000000,stock-split,fmp_stable
DIPS,2025-12-02,1.00000000,10.00000000,stock-split,fmp_stable
FIAT,2025-12-02,1.00000000,10.00000000,stock-split,fmp_stable
HPP,2025-12-02,1.00000000,7.00000000,stock-split,fmp_stable
OARK,2025-12-02,1.00000000,5.00000000,stock-split,fmp_stable
RUBI,2025-12-02,1.00000000,30.00000000,stock-split,fmp_stable
SPHL,2025-12-02,1.00000000,8.00000000,stock-split,fmp_stable
TLRY,2025-12-02,1.00000000,10.00000000,stock-split,fmp_stable
XHLD,2025-12-02,1.00000000,15.00000000,stock-split,fmp_stable
MSTU,2025-12-03,1.00000000,10.00000000,stock-split,fmp_stable
STRO,2025-12-03,1.00000000,10.00000000,stock-split,fmp_stable
ATCX,2025-12-04,1.00000000,12.00000000,stock-split,fmp_stable
IMG,2025-12-05,1.00000000,20.00000000,stock-split,fmp_stable
METCB,2025-12-05,507.00000000,500.00000000,stock-split,fmp_stable
MTVA,2025-12-05,1.00000000,11.00000000,stock-split,fmp_stable
XLE,2025-12-05,2.00000000,1.00000000,stock-split,fmp_stable
XLK,2025-12-05,2.00000000,1.00000000,stock-split,fmp_stable
XLU,2025-12-05,2.00000000,1.00000000,stock-split,fmp_stable
XLY,2025-12-05,2.00000000,1.00000000,stock-split,fmp_stable
AMDY,2025-12-08,1.00000000,5.00000000,stock-split,fmp_stable
MSTY,2025-12-08,1.00000000,5.00000000,stock-split,fmp_stable
PYPY,2025-12-08,1.00000000,5.00000000,stock-split,fmp_stable
SSP,2025-12-08,133.00000000,100.00000000,stock-split,fmp_stable
WKHS,2025-12-08,1.00000000,12.00000000,stock-split,fmp_stable
HOOX,2025-12-09,4.00000000,1.00000000,stock-split,fmp_stable
IONX,2025-12-09,2.00000000,1.00000000,stock-split,fmp_stable
IONZ,2025-12-09,1.00000000,6.00000000,stock-split,fmp_stable
MST,2025-12-09,1.00000000,4.00000000,stock-split,fmp_stable
PLTZ,2025-12-09,1.00000000,4.00000000,stock-split,fmp_stable
PSNY,2025-12-09,1.00000000,30.00000000,stock-split,fmp_stable
PSNYW,2025-12-09,1.00000000,30.00000000,stock-split,fmp_stable
RGTX,2025-12-09,4.00000000,1.00000000,stock-split,fmp_stable
RKLX,2025-12-09,3.00000000,1.00000000,stock-split,fmp_stable
SMCZ,2025-12-09,1.00000000,8.00000000,stock-split,fmp_stable
UL,2025-12-09,111.00000000,125.00000000,stock-dividend,fmp_stable
SVRE,2025-12-10,1.00000000,3.00000000,stock-split,fmp_stable
BNKK,2025-12-11,1.00000000,35.00000000,stock-split,fmp_stable
JZXN,2025-12-11,1.00000000,40.00000000,stock-split,fmp_stable
ARBK,2025-12-12,1.00000000,216.00000000,stock-split,fmp_stable
AZI,2025-12-12,1.00000000,50.00000000,stock-split,fmp_stable
BNAI,2025-12-12,1.00000000,10.00000000,stock-split,fmp_stable
BENF,2025-12-15,1.00000000,8.00000000,stock-split,fmp_stable
CMND,2025-12-15,1.00000000,40.00000000,stock-split,fmp_stable
CYCU,2025-12-15,509.00000000,500.00000000,stock-split,fmp_stable
FRGT,2025-12-15,1.00000000,5.00000000,stock-split,fmp_stable
IQST,2025-12-15,1017.00000000,1000.00000000,stock-split,fmp_stable
NVVE,2025-12-15,1.00000000,40.00000000,stock-split,fmp_stable
XBP,2025-12-15,1.00000000,10.00000000,stock-split,fmp_stable
INBS,2025-12-16,1.00000000,10.00000000,stock-split,fmp_stable
STAI,2025-12-16,1.00000000,20.00000000,stock-split,fmp_stable
WTER,2025-12-16,1.00000000,10.00000000,stock-split,fmp_stable
FNF,2025-12-17,1037.00000000,1000.00000000,stock-split,fmp_stable
PCSA,2025-12-17,1.00000000,25.00000000,stock-split,fmp_stable
DFLI,2025-12-18,1.00000000,10.00000000,stock-split,fmp_stable
DFLIW,2025-12-18,1.00000000,10.00000000,stock-split,fmp_stable
MNTS,2025-12-18,7.00000000,125.00000000,stock-split,fmp_stable
NOW,2025-12-18,5.00000000,1.00000000,stock-split,fmp_stable
PAVS,2025-12-18,1.00000000,100.00000000,stock-split,fmp_stable
INHD,2025-12-22,1.00000000,24.00000000,stock-split,fmp_stable
PRPH,2025-12-22,1.00000000,10.00000000,stock-split,fmp_stable
TCTM,2025-12-22,1.00000000,50.00000000,stock-split,fmp_stable
VSA,2025-12-22,1.00000000,50.00000000,stock-split,fmp_stable
BOXL,2025-12-23,1.00000000,6.00000000,stock-split,fmp_stable
CHR,2025-12-23,1.00000000,50.00000000,stock-split,fmp_stable
TNMG,2025-12-23,1.00000000,20.00000000,stock-split,fmp_stable
TPL,2025-12-23,3.00000000,1.00000000,stock-split,fmp_stable
RBNE,2025-12-24,1.00000000,5.00000000,stock-split,fmp_stable
XTLB,2025-12-24,1.00000000,4.00000000,stock-split,fmp_stable
ASRT,2025-12-26,1.00000000,15.00000000,stock-split,fmp_stable
ECDA,2025-12-26,1.00000000,5.00000000,stock-split,fmp_stable
ELPW,2025-12-26,1.00000000,16.00000000,stock-split,fmp_stable
SCWO,2025-12-26,1.00000000,10.00000000,stock-split,fmp_stable
SOAR,2025-12-26,563.00000000,500.00000000,stock-split,fmp_stable
ITUB,2025-12-29,103.00000000,100.00000000,stock-split,fmp_stable
SBS,2025-12-29,1029647.00000000,1000000.00000000,stock-split,fmp_stable
WOK,2025-12-29,1.00000000,100.00000000,stock-split,fmp_stable
ACET,2025-12-30,1.00000000,16.00000000,stock-split,fmp_stable
APVO,2025-12-30,1.00000000,18.00000000,stock-split,fmp_stable
AXIA,2025-12-30,631419.00000000,500000.00000000,stock-split,fmp_stable
BIYA,2025-12-30,1.00000000,25.00000000,stock-split,fmp_stable
ILAG,2025-12-30,1.00000000,10.00000000,stock-split,fmp_stable
ORIS,2025-12-30,1.00000000,20.00000000,stock-split,fmp_stable
SUNB,2025-12-30,4.00000000,1.00000000,stock-split,fmp_stable
XTKG,2025-12-30,1.00000000,6.00000000,stock-split,fmp_stable
BCHT,2025-12-31,1.00000000,5.00000000,stock-split,fmp_stable
RPT,2025-12-31,1.00000000,6.00000000,stock-split,fmp_stable
CODX,2026-01-02,1.00000000,30.00000000,stock-split,fmp_stable
PAVM,2026-01-02,1.00000000,30.00000000,stock-split,fmp_stable
RTB,2026-01-02,1.00000000,35.00000000,stock-split,fmp_stable
RVYL,2026-01-02,1.00000000,35.00000000,stock-split,fmp_stable
BVC,2026-01-05,1.00000000,10.00000000,stock-split,fmp_stable
CANF,2026-01-05,1.00000000,20.00000000,stock-split,fmp_stable
ICU,2026-01-05,1.00000000,10.00000000,stock-split,fmp_stable
MLEC,2026-01-05,1.00000000,15.00000000,stock-split,fmp_stable
TRT,2026-01-05,2.00000000,1.00000000,stock-split,fmp_stable
ELAB,2026-01-06,1.00000000,4.00000000,stock-split,fmp_stable
DGLY,2026-01-08,1.00000000,3.00000000,stock-split,fmp_stable
FTEL,2026-01-08,1.00000000,8.00000000,stock-split,fmp_stable
GMEX,2026-01-08,1.00000000,8.00000000,stock-split,fmp_stable
ICON,2026-01-08,1.00000000,5.00000000,stock-split,fmp_stable
KUST,2026-01-08,1.00000000,3.00000000,stock-split,fmp_stable
QGEN,2026-01-08,19.00000000,20.00000000,stock-dividend,fmp_stable
AKAN,2026-01-12,1.00000000,5.00000000,stock-split,fmp_stable
DRCT,2026-01-12,1.00000000,55.00000000,stock-split,fmp_stable
GOVX,2026-01-12,1.00000000,25.00000000,stock-split,fmp_stable
VSME,2026-01-12,1.00000000,20.00000000,stock-split,fmp_stable
VMAR,2026-01-14,1.00000000,40.00000000,stock-split,fmp_stable
AMCR,2026-01-15,1.00000000,5.00000000,stock-split,fmp_stable
ASBP,2026-01-16,1.00000000,40.00000000,stock-split,fmp_stable
HUBC,2026-01-16,1.00000000,15.00000000,stock-split,fmp_stable
OCG,2026-01-16,1.00000000,220.00000000,stock-split,fmp_stable
BTOG,2026-01-20,1.00000000,60.00000000,stock-split,fmp_stable
FTFT,2026-01-20,1.00000000,4.00000000,stock-split,fmp_stable
NVNO,2026-01-20,1.00000000,35.00000000,stock-split,fmp_stable
SXTP,2026-01-20,1.00000000,4.00000000,stock-split,fmp_stable
WHLR,2026-01-20,1.00000000,3.00000000,stock-split,fmp_stable
DCX,2026-01-22,1.00000000,12.00000000,stock-split,fmp_stable
CCTG,2026-01-23,1.00000000,10.00000000,stock-split,fmp_stable
SLE,2026-01-23,1.00000000,12.00000000,stock-split,fmp_stable
UONE,2026-01-23,1.00000000,10.00000000,stock-split,fmp_stable
UONEK,2026-01-23,1.00000000,10.00000000,stock-split,fmp_stable
BNRG,2026-01-26,1.00000000,7.00000000,stock-split,fmp_stable
BTF,2026-01-26,1.00000000,5.00000000,stock-split,fmp_stable
CISS,2026-01-26,1.00000000,20.00000000,stock-split,fmp_stable
GRI,2026-01-26,1.00000000,28.00000000,stock-split,fmp_stable
LRHC,2026-01-26,1.00000000,10.00000000,stock-split,fmp_stable
MKDW,2026-01-26,1.00000000,30.00000000,stock-split,fmp_stable
MTEN,2026-01-26,1.00000000,200.00000000,stock-split,fmp_stable
NIVF,2026-01-26,1.00000000,3.00000000,stock-split,fmp_stable
PCLA,2026-01-26,1.00000000,30.00000000,stock-split,fmp_stable
XXII,2026-01-26,1.00000000,15.00000000,stock-split,fmp_stable
REVB,2026-01-28,1.00000000,4.00000000,stock-split,fmp_stable
BJDX,2026-01-29,1.00000000,4.00000000,stock-split,fmp_stable
IBG,2026-01-30,1.00000000,5.00000000,stock-split,fmp_stable
MSLE,2026-01-30,1.00000000,12.00000000,stock-split,fmp_stable
AREB,2026-02-02,1.00000000,20.00000000,stock-split,fmp_stable
ATOS,2026-02-02,1.00000000,15.00000000,stock-split,fmp_stable
AZN,2026-02-02,1.00000000,2.00000000,adr-change,fmp_stable
PBM,2026-02-02,1.00000000,6.00000000,stock-split,fmp_stable
EDBL,2026-02-03,1.00000000,10.00000000,stock-split,fmp_stable
SXTC,2026-02-03,1.00000000,150.00000000,stock-split,fmp_stable
RVSN,2026-02-04,1.00000000,30.00000000,stock-split,fmp_stable
ADIL,2026-02-06,1.00000000,25.00000000,stock-split,fmp_stable
ASST,2026-02-06,1.00000000,20.00000000,stock-split,fmp_stable
PRFX,2026-02-06,1.00000000,5.00000000,stock-split,fmp_stable
RLYB,2026-02-06,1.00000000,8.00000000,stock-split,fmp_stable
AWP,2026-02-09,1.00000000,3.00000000,stock-split,fmp_stable
EDHL,2026-02-09,1.00000000,16.00000000,stock-split,fmp_stable
FCUV,2026-02-09,1.00000000,10.00000000,stock-split,fmp_stable
FNGD,2026-02-09,1.00000000,10.00000000,stock-split,fmp_stable
GDXD,2026-02-09,1.00000000,10.00000000,stock-split,fmp_stable
HERZ,2026-02-09,1.00000000,10.00000000,stock-split,fmp_stable
PFSA,2026-02-09,1.00000000,75.00000000,stock-split,fmp_stable
UGRO,2026-02-09,1.00000000,25.00000000,stock-split,fmp_stable
AIM,2026-02-10,1031.00000000,1000.00000000,stock-split,fmp_stable
ANY,2026-02-10,1.00000000,10.00000000,stock-split,fmp_stable
ATPC,2026-02-10,1.00000000,50.00000000,stock-split,fmp_stable
BDX,2026-02-10,159.00000000,125.00000000,stock-split,fmp_stable
FGL,2026-02-10,1.00000000,100.00000000,stock-split,fmp_stable
HCTI,2026-02-10,1.00000000,60.00000000,stock-split,fmp_stable
RUBI,2026-02-12,5.00000000,39.00000000,stock-split,fmp_stable
CRE,2026-02-13,1.00000000,12.00000000,stock-split,fmp_stable
FGNX,2026-02-13,1.00000000,5.00000000,stock-split,fmp_stable
EEIQ,2026-02-17,1.00000000,16.00000000,stock-split,fmp_stable
FXHO,2026-02-17,1.00000000,5.00000000,stock-split,fmp_stable
INTJ,2026-02-17,1.00000000,20.00000000,stock-split,fmp_stable
JFBR,2026-02-17,1.00000000,14.00000000,stock-split,fmp_stable
NEXR,2026-02-17,1.00000000,14.00000000,stock-split,fmp_stable
SMX,2026-02-17,1.00000000,4.00000000,stock-split,fmp_stable
WTO,2026-02-17,1.00000000,5.00000000,stock-split,fmp_stable
NDLS,2026-02-18,1.00000000,8.00000000,stock-split,fmp_stable
AURE,2026-02-19,1.00000000,10.00000000,stock-split,fmp_stable
INTS,2026-02-19,1.00000000,25.00000000,stock-split,fmp_stable
ZDAI,2026-02-19,1.00000000,16.00000000,stock-split,fmp_stable
ADVB,2026-02-20,1.00000000,20.00000000,stock-split,fmp_stable
AZUL,2026-02-20,1.00000000,10.00000000,stock-split,fmp_stable
BYAH,2026-02-20,1.00000000,50.00000000,stock-split,fmp_stable
BTM,2026-02-23,1.00000000,7.00000000,stock-split,fmp_stable
DSY,2026-02-23,1.00000000,20.00000000,stock-split,fmp_stable
MWG,2026-02-23,1.00000000,10.00000000,stock-split,fmp_stable
NBY,2026-02-23,1.00000000,5.00000000,stock-split,fmp_stable
SDEV,2026-02-23,1.00000000,5.00000000,stock-split,fmp_stable
BERZ,2026-02-24,1.00000000,20.00000000,stock-split,fmp_stable
BNKD,2026-02-24,1.00000000,5.00000000,stock-split,fmp_stable
BULZ,2026-02-24,10.00000000,1.00000000,stock-split,fmp_stable
DULL,2026-02-24,1.00000000,50.00000000,stock-split,fmp_stable
FLYD,2026-02-24,1.00000000,10.00000000,stock-split,fmp_stable
LFWD,2026-02-24,1.00000000,12.00000000,stock-split,fmp_stable
NRGD,2026-02-24,1.00000000,5.00000000,stock-split,fmp_stable
OILD,2026-02-24,1.00000000,10.00000000,stock-split,fmp_stable
RPGL,2026-02-24,1.00000000,20.00000000,stock-split,fmp_stable
SHNY,2026-02-24,10.00000000,1.00000000,stock-split,fmp_stable
SPYU,2026-02-24,2.00000000,1.00000000,stock-split,fmp_stable
TRNR,2026-02-24,1.00000000,10.00000000,stock-split,fmp_stable
SVRE,2026-02-25,1.00000000,4.00000000,stock-split,fmp_stable
FRSX,2026-02-26,1.00000000,3.00000000,stock-split,fmp_stable
ZSL,2026-02-26,1.00000000,10.00000000,stock-split,fmp_stable
IXHL,2026-02-27,1.00000000,30.00000000,stock-split,fmp_stable
PTLE,2026-02-27,1.00000000,80.00000000,stock-split,fmp_stable
SF,2026-02-27,3.00000000,2.00000000,stock-split,fmp_stable
SFHG,2026-02-27,1.00000000,5.00000000,stock-split,fmp_stable
SOLT,2026-02-27,1.00000000,20.00000000,stock-split,fmp_stable
VCIG,2026-02-27,1.00000000,60.00000000,stock-split,fmp_stable
BURU,2026-03-02,1.00000000,5.00000000,stock-split,fmp_stable
PPBT,2026-03-02,1.00000000,10.00000000,stock-split,fmp_stable
ZCMD,2026-03-02,1.00000000,8.00000000,stock-split,fmp_stable
GMGI,2026-03-03,1.00000000,12.00000000,stock-split,fmp_stable
MRDN,2026-03-03,1.00000000,12.00000000,stock-split,fmp_stable
BWAY,2026-03-04,2.00000000,1.00000000,stock-split,fmp_stable
SPRC,2026-03-04,1.00000000,9.00000000,stock-split,fmp_stable
AEHL,2026-03-05,1.00000000,6.00000000,stock-split,fmp_stable
DUST,2026-03-05,1.00000000,10.00000000,stock-split,fmp_stable
HIBS,2026-03-05,1.00000000,10.00000000,stock-split,fmp_stable
JDST,2026-03-05,1.00000000,20.00000000,stock-split,fmp_stable
SOXS,2026-03-05,1.00000000,20.00000000,stock-split,fmp_stable
TR,2026-03-05,103.00000000,100.00000000,stock-split,fmp_stable
XTKG,2026-03-05,1.00000000,30.00000000,stock-split,fmp_stable
DUKR,2026-03-06,1.00000000,25.00000000,stock-split,fmp_stable
GSIW,2026-03-06,1.00000000,200.00000000,stock-split,fmp_stable
TVGN,2026-03-06,1.00000000,50.00000000,stock-split,fmp_stable
WCT,2026-03-06,1.00000000,50.00000000,stock-split,fmp_stable
ADTX,2026-03-09,1.00000000,8.00000000,stock-split,fmp_stable
BHAT,2026-03-09,1.00000000,50.00000000,stock-split,fmp_stable
DCOY,2026-03-09,1.00000000,12.00000000,stock-split,fmp_stable
DTCK,2026-03-09,1.00000000,20.00000000,stock-split,fmp_stable
RVPH,2026-03-09,1.00000000,20.00000000,stock-split,fmp_stable
APPX,2026-03-10,1.00000000,3.00000000,stock-split,fmp_stable
ARTL,2026-03-10,1.00000000,3.00000000,stock-split,fmp_stable
CRMX,2026-03-10,1.00000000,3.00000000,stock-split,fmp_stable
ELAB,2026-03-10,1.00000000,6.00000000,stock-split,fmp_stable
KIDZ,2026-03-10,1.00000000,50.00000000,stock-split,fmp_stable
LITX,2026-03-10,3.00000000,1.00000000,stock-split,fmp_stable
TSLS,2026-03-10,1.00000000,10.00000000,stock-split,fmp_stable
WLDS,2026-03-11,1.00000000,3.00000000,stock-split,fmp_stable
ELPW,2026-03-12,1.00000000,80.00000000,stock-split,fmp_stable
ZNB,2026-03-12,1.00000000,100.00000000,stock-split,fmp_stable
KXIN,2026-03-13,1.00000000,15.00000000,stock-split,fmp_stable
METCB,2026-03-13,253.00000000,250.00000000,stock-split,fmp_stable
PED,2026-03-13,1.00000000,20.00000000,stock-split,fmp_stable
STFS,2026-03-13,1.00000000,40.00000000,stock-split,fmp_stable
CLIR,2026-03-16,1.00000000,10.00000000,stock-split,fmp_stable
DXST,2026-03-16,1.00000000,25.00000000,stock-split,fmp_stable
HBIO,2026-03-16,1.00000000,10.00000000,stock-split,fmp_stable
MASK,2026-03-16,1.00000000,25.00000000,stock-split,fmp_stable
NIVF,2026-03-16,1.00000000,4.00000000,stock-split,fmp_stable
SKYQ,2026-03-16,1.00000000,8.00000000,stock-split,fmp_stable
XLO,2026-03-16,1.00000000,14.00000000,stock-split,fmp_stable
ZJYL,2026-03-16,1.00000000,20.00000000,stock-split,fmp_stable
COOK,2026-03-18,1.00000000,50.00000000,stock-split,fmp_stable
HIMZ,2026-03-19,1.00000000,14.00000000,stock-split,fmp_stable
HOOX,2026-03-19,1.00000000,3.00000000,stock-split,fmp_stable
IONX,2026-03-19,1.00000000,3.00000000,stock-split,fmp_stable
IRE,2026-03-19,1.00000000,4.00000000,stock-split,fmp_stable
MSTX,2026-03-19,1.00000000,10.00000000,stock-split,fmp_stable
RGTX,2026-03-19,1.00000000,4.00000000,stock-split,fmp_stable
RIOX,2026-03-19,1.00000000,3.00000000,stock-split,fmp_stable
SMCX,2026-03-19,1.00000000,2.00000000,stock-split,fmp_stable
SOUX,2026-03-19,1.00000000,4.00000000,stock-split,fmp_stable
BTFL,2026-03-20,1.00000000,2.00000000,stock-split,fmp_stable
CIIT,2026-03-20,1.00000000,7.00000000,stock-split,fmp_stable
KEEX,2026-03-20,1.00000000,2.00000000,stock-split,fmp_stable
MPL,2026-03-20,1.00000000,3.00000000,stock-split,fmp_stable
ORCX,2026-03-20,1.00000000,3.00000000,stock-split,fmp_stable
ORGN,2026-03-20,1.00000000,30.00000000,stock-split,fmp_stable
QSU,2026-03-20,1.00000000,6.00000000,stock-split,fmp_stable
RKTL,2026-03-20,1.00000000,2.00000000,stock-split,fmp_stable
UOKA,2026-03-20,1.00000000,25.00000000,stock-split,fmp_stable
AREB,2026-03-23,1.00000000,100.00000000,stock-split,fmp_stable
AVXX,2026-03-23,1.00000000,3.00000000,stock-split,fmp_stable
AZI,2026-03-23,1.00000000,10.00000000,stock-split,fmp_stable
CLMB,2026-03-23,4.00000000,1.00000000,stock-split,fmp_stable
DIT,2026-03-23,3.00000000,2.00000000,stock-split,fmp_stable
EUDA,2026-03-23,1.00000000,20.00000000,stock-split,fmp_stable
FCHL,2026-03-23,1.00000000,15.00000000,stock-split,fmp_stable
JDZG,2026-03-23,1.00000000,25.00000000,stock-split,fmp_stable
MST,2026-03-23,1.00000000,7.00000000,stock-split,fmp_stable
OSCX,2026-03-23,1.00000000,4.00000000,stock-split,fmp_stable
QBTZ,2026-03-23,1.00000000,3.00000000,stock-split,fmp_stable
RKLZ,2026-03-23,1.00000000,8.00000000,stock-split,fmp_stable
SNEX,2026-03-23,3.00000000,2.00000000,stock-split,fmp_stable
XFLT,2026-03-23,1.00000000,5.00000000,stock-split,fmp_stable
YYGH,2026-03-23,1.00000000,50.00000000,stock-split,fmp_stable
FUBO,2026-03-24,1.00000000,12.00000000,stock-split,fmp_stable
PIPR,2026-03-24,4.00000000,1.00000000,stock-split,fmp_stable
VIVK,2026-03-24,1.00000000,200.00000000,stock-split,fmp_stable
JFB,2026-03-25,2.00000000,1.00000000,stock-split,fmp_stable
ONCO,2026-03-25,1.00000000,5.00000000,stock-split,fmp_stable
XTLB,2026-03-25,1.00000000,4.00000000,stock-split,fmp_stable
APUS,2026-03-26,1.00000000,10.00000000,stock-split,fmp_stable
CMCT,2026-03-26,1.00000000,10.00000000,stock-split,fmp_stable
RENX,2026-03-26,1.00000000,20.00000000,stock-split,fmp_stable
ADV,2026-03-27,1.00000000,25.00000000,stock-split,fmp_stable
CDT,2026-03-27,1.00000000,25.00000000,stock-split,fmp_stable
IVF,2026-03-27,1.00000000,5.00000000,stock-split,fmp_stable
LBGJ,2026-03-27,1.00000000,100.00000000,stock-split,fmp_stable
MPTI,2026-03-27,1031.00000000,1000.00000000,stock-split,fmp_stable
TRUG,2026-03-27,1.00000000,10.00000000,stock-split,fmp_stable
ATXG,2026-03-30,1.00000000,15.00000000,stock-split,fmp_stable
EJH,2026-03-30,1.00000000,25.00000000,stock-split,fmp_stable
FBLG,2026-03-30,1.00000000,20.00000000,stock-split,fmp_stable
SVRN,2026-03-30,1.00000000,20.00000000,stock-split,fmp_stable
AGL,2026-03-31,1.00000000,25.00000000,stock-split,fmp_stable
AKTX,2026-03-31,1.00000000,40.00000000,stock-split,fmp_stable
CETXP,2026-03-31,21.00000000,20.00000000,stock-split,fmp_stable
MODD,2026-03-31,1.00000000,30.00000000,stock-split,fmp_stable
PAVS,2026-03-31,1.00000000,12.00000000,stock-split,fmp_stable
AUUD,2026-04-01,10.00000000,77.00000000,stock-split,fmp_stable
BARK,2026-04-01,1.00000000,20.00000000,stock-split,fmp_stable
UCAR,2026-04-01,1.00000000,10.00000000,stock-split,fmp_stable
NCT,2026-04-02,1.00000000,25.00000000,stock-split,fmp_stable
PSTV,2026-04-02,1.00000000,25.00000000,stock-split,fmp_stable
AIIO,2026-04-06,1.00000000,20.00000000,stock-split,fmp_stable
BCAB,2026-04-06,1.00000000,50.00000000,stock-split,fmp_stable
BDRX,2026-04-06,1.00000000,5.00000000,stock-split,fmp_stable
BKNG,2026-04-06,25.00000000,1.00000000,stock-split,fmp_stable
GNLN,2026-04-06,1.00000000,8.00000000,stock-split,fmp_stable
HKIT,2026-04-06,1.00000000,50.00000000,stock-split,fmp_stable
HTCR,2026-04-06,1.00000000,20.00000000,stock-split,fmp_stable
INLF,2026-04-06,1.00000000,16.00000000,stock-split,fmp_stable
LNKS,2026-04-06,1.00000000,250.00000000,stock-split,fmp_stable
POWL,2026-04-06,3.00000000,1.00000000,stock-split,fmp_stable
SKK,2026-04-06,1.00000000,10.00000000,stock-split,fmp_stable
WNW,2026-04-06,1.00000000,100.00000000,stock-split,fmp_stable
XRTX,2026-04-06,1.00000000,5.00000000,stock-split,fmp_stable
CHR,2026-04-07,1.00000000,3.00000000,stock-split,fmp_stable
MOBX,2026-04-07,1.00000000,10.00000000,stock-split,fmp_stable
NXTS,2026-04-07,1.00000000,7.00000000,stock-split,fmp_stable
JTAI,2026-04-08,1.00000000,200.00000000,stock-split,fmp_stable
RDGT,2026-04-08,1.00000000,150.00000000,stock-split,fmp_stable
RUBI,2026-04-09,1.00000000,10.00000000,stock-split,fmp_stable
WORX,2026-04-10,1.00000000,15.00000000,stock-split,fmp_stable
AKAN,2026-04-13,2.00000000,9.00000000,stock-split,fmp_stable
CENN,2026-04-13,1.00000000,60.00000000,stock-split,fmp_stable
HCAI,2026-04-13,1.00000000,30.00000000,stock-split,fmp_stable
JEM,2026-04-13,1.00000000,20.00000000,stock-split,fmp_stable
MSAI,2026-04-13,1.00000000,40.00000000,stock-split,fmp_stable
NXPL,2026-04-13,1.00000000,10.00000000,stock-split,fmp_stable
PN,2026-04-13,1.00000000,20.00000000,stock-split,fmp_stable
QNCX,2026-04-13,1.00000000,10.00000000,stock-split,fmp_stable
WFF,2026-04-13,1.00000000,5.00000000,stock-split,fmp_stable
BNRG,2026-04-15,1.00000000,5.00000000,stock-split,fmp_stable
EOSU,2026-04-15,1.00000000,25.00000000,stock-split,fmp_stable
NMTC,2026-04-16,1.00000000,6.00000000,stock-split,fmp_stable
PMAX,2026-04-17,1.00000000,10.00000000,stock-split,fmp_stable
ANAB,2026-04-20,3.00000000,2.00000000,stock-split,fmp_stable
CMCT,2026-04-20,1.00000000,10.00000000,stock-split,fmp_stable
CNTM,2026-04-20,1.00000000,32.00000000,stock-split,fmp_stable
EHGO,2026-04-20,1.00000000,16.00000000,stock-split,fmp_stable
HUBC,2026-04-20,1.00000000,50.00000000,stock-split,fmp_stable
LRHC,2026-04-20,1.00000000,10.00000000,stock-split,fmp_stable
LXEH,2026-04-20,1.00000000,10.00000000,stock-split,fmp_stable
RAYA,2026-04-20,1.00000000,10.00000000,stock-split,fmp_stable
TDIC,2026-04-20,1.00000000,5.00000000,stock-split,fmp_stable
WHLR,2026-04-20,1.00000000,3.00000000,stock-split,fmp_stable
KITT,2026-04-21,1.00000000,8.00000000,stock-split,fmp_stable
MGK,2026-04-21,5.00000000,1.00000000,stock-split,fmp_stable
VGT,2026-04-21,8.00000000,1.00000000,stock-split,fmp_stable
VO,2026-04-21,4.00000000,1.00000000,stock-split,fmp_stable
VOOG,2026-04-21,6.00000000,1.00000000,stock-split,fmp_stable
VUG,2026-04-21,6.00000000,1.00000000,stock-split,fmp_stable
ZSPC,2026-04-21,1.00000000,25.00000000,stock-split,fmp_stable
KUST,2026-04-22,1.00000000,5.00000000,stock-split,fmp_stable
TOUR,2026-04-22,1.00000000,10.00000000,stock-split,fmp_stable
IPST,2026-04-23,1.00000000,20.00000000,stock-split,fmp_stable
BULG,2026-04-24,1.00000000,20.00000000,stock-split,fmp_stable
CUE,2026-04-24,1.00000000,30.00000000,stock-split,fmp_stable
GEMG,2026-04-24,1.00000000,20.00000000,stock-split,fmp_stable
MSS,2026-04-24,1.00000000,10.00000000,stock-split,fmp_stable
OIO,2026-04-24,1.00000000,3.00000000,stock-split,fmp_stable
SOWG,2026-04-24,1.00000000,15.00000000,stock-split,fmp_stable
TDTH,2026-04-24,1.00000000,30.00000000,stock-split,fmp_stable
AIOS,2026-04-27,1.00000000,20.00000000,stock-split,fmp_stable
CISS,2026-04-27,1.00000000,7.00000000,stock-split,fmp_stable
DRCT,2026-04-27,1.00000000,4.00000000,stock-split,fmp_stable
IMUX,2026-04-27,1.00000000,10.00000000,stock-split,fmp_stable
OCG,2026-04-27,1.00000000,3.00000000,stock-split,fmp_stable
UP,2026-04-27,1.00000000,20.00000000,stock-split,fmp_stable
DGNX,2026-04-28,1.00000000,8.00000000,stock-split,fmp_stable
ISPC,2026-04-28,1.00000000,40.00000000,stock-split,fmp_stable
VNRX,2026-04-28,1.00000000,20.00000000,stock-split,fmp_stable
BRAI,2026-04-29,3.00000000,1.00000000,stock-split,fmp_stable
CTNT,2026-04-29,1.00000000,200.00000000,stock-split,fmp_stable
HDV,2026-04-29,5.00000000,1.00000000,stock-split,fmp_stable
IWF,2026-04-29,4.00000000,1.00000000,stock-split,fmp_stable
AIRE,2026-04-30,1.00000000,25.00000000,stock-split,fmp_stable
BKYI,2026-04-30,1.00000000,10.00000000,stock-split,fmp_stable
JAGX,2026-04-30,1.00000000,35.00000000,stock-split,fmp_stable
UK,2026-04-30,1.00000000,10.00000000,stock-split,fmp_stable
GMEX,2026-05-01,1.00000000,7.00000000,stock-split,fmp_stable
MRAL,2026-05-01,1.00000000,10.00000000,stock-split,fmp_stable
MSTP,2026-05-01,1.00000000,20.00000000,stock-split,fmp_stable
TLIH,2026-05-01,1.00000000,10.00000000,stock-split,fmp_stable
ERNA,2026-05-04,1.00000000,25.00000000,stock-split,fmp_stable
FCHL,2026-05-04,1.00000000,30.00000000,stock-split,fmp_stable
INHD,2026-05-04,1.00000000,20.00000000,stock-split,fmp_stable
LGHL,2026-05-04,1.00000000,6.00000000,stock-split,fmp_stable
TRI,2026-05-04,123.00000000,125.00000000,stock-dividend,fmp_stable
VEEE,2026-05-04,1.00000000,37.00000000,stock-split,fmp_stable
BAIG,2026-05-05,1.00000000,10.00000000,stock-split,fmp_stable
BMNG,2026-05-05,1.00000000,20.00000000,stock-split,fmp_stable
CRCG,2026-05-05,1.00000000,10.00000000,stock-split,fmp_stable
CRWG,2026-05-05,1.00000000,10.00000000,stock-split,fmp_stable
DUOG,2026-05-05,1.00000000,10.00000000,stock-split,fmp_stable
FIGG,2026-05-05,1.00000000,20.00000000,stock-split,fmp_stable
GOVZ,2026-05-05,1.00000000,4.00000000,stock-split,fmp_stable
MIMI,2026-05-06,1.00000000,10.00000000,stock-split,fmp_stable
CHSN,2026-05-07,1.00000000,100.00000000,stock-split,fmp_stable
SBS,2026-05-07,5.00000000,1.00000000,stock-split,fmp_stable
BNZI,2026-05-08,1.00000000,20.00000000,stock-split,fmp_stable
CVNA,2026-05-08,5.00000000,1.00000000,stock-split,fmp_stable
OLOX,2026-05-08,1.00000000,10.00000000,stock-split,fmp_stable
PARA,2026-05-08,1.00000000,20.00000000,stock-split,fmp_stable
AIXI,2026-05-11,1.00000000,20.00000000,stock-split,fmp_stable
ASBP,2026-05-11,1.00000000,30.00000000,stock-split,fmp_stable
ASBPW,2026-05-11,1.00000000,30.00000000,stock-split,fmp_stable
DKI,2026-05-11,1.00000000,16.00000000,stock-split,fmp_stable
KALA,2026-05-11,1.00000000,50.00000000,stock-split,fmp_stable
SMX,2026-05-11,1.00000000,20.00000000,stock-split,fmp_stable
SLMT,2026-05-14,1.00000000,10.00000000,stock-split,fmp_stable
ADTX,2026-05-18,1.00000000,27.00000000,stock-split,fmp_stable
EZRA,2026-05-18,1.00000000,40.00000000,stock-split,fmp_stable
FRGT,2026-05-18,1.00000000,5.00000000,stock-split,fmp_stable
MI,2026-05-18,1.00000000,80.00000000,stock-split,fmp_stable
PALL,2026-05-18,5.00000000,1.00000000,stock-split,fmp_stable
PPCB,2026-05-18,1.00000000,25.00000000,stock-split,fmp_stable
PPLT,2026-05-18,10.00000000,1.00000000,stock-split,fmp_stable
RETO,2026-05-18,1.00000000,4.00000000,stock-split,fmp_stable
YMT,2026-05-18,1.00000000,15.00000000,stock-split,fmp_stable
YYAI,2026-05-18,1.00000000,40.00000000,stock-split,fmp_stable
EZGO,2026-05-19,1.00000000,150.00000000,stock-split,fmp_stable
NCI,2026-05-19,1.00000000,8.00000000,stock-split,fmp_stable
CMND,2026-05-21,1.00000000,10.00000000,stock-split,fmp_stable
HAO,2026-05-21,1.00000000,128.00000000,stock-split,fmp_stable
ONCO,2026-05-21,1.00000000,10.00000000,stock-split,fmp_stable
IPW,2026-05-22,1.00000000,8.00000000,stock-split,fmp_stable
LNAI,2026-05-22,1.00000000,8.00000000,stock-split,fmp_stable
LZMH,2026-05-22,1.00000000,20.00000000,stock-split,fmp_stable
NAKA,2026-05-22,1.00000000,40.00000000,stock-split,fmp_stable
UBXG,2026-05-22,1.00000000,25.00000000,stock-split,fmp_stable
MEDS,2026-05-26,1.00000000,50.00000000,stock-split,fmp_stable
PRTS,2026-05-26,1.00000000,10.00000000,stock-split,fmp_stable
TJGC,2026-05-26,1.00000000,3.00000000,stock-split,fmp_stable
VSA,2026-05-26,1.00000000,10.00000000,stock-split,fmp_stable
WGRX,2026-05-26,1.00000000,50.00000000,stock-split,fmp_stable
CUPR,2026-05-27,1.00000000,8.00000000,stock-split,fmp_stable
SDOT,2026-05-27,1.00000000,20.00000000,stock-split,fmp_stable
BIS,2026-05-28,1.00000000,2.00000000,stock-split,fmp_stable
BOIL,2026-05-28,1.00000000,2.00000000,stock-split,fmp_stable
BZQ,2026-05-28,1.00000000,2.00000000,stock-split,fmp_stable
COIA,2026-05-28,1.00000000,2.00000000,stock-split,fmp_stable
EFZ,2026-05-28,1.00000000,2.00000000,stock-split,fmp_stable
EMTY,2026-05-28,1.00000000,2.00000000,stock-split,fmp_stable
NOBL,2026-05-28,2.00000000,1.00000000,stock-split,fmp_stable
RPGL,2026-05-28,1.00000000,40.00000000,stock-split,fmp_stable
RXD,2026-05-28,1.00000000,2.00000000,stock-split,fmp_stable
SBB,2026-05-28,1.00000000,2.00000000,stock-split,fmp_stable
SCO,2026-05-28,1.00000000,4.00000000,stock-split,fmp_stable
SDP,2026-05-28,1.00000000,2.00000000,stock-split,fmp_stable
SIJ,2026-05-28,1.00000000,2.00000000,stock-split,fmp_stable
SLON,2026-05-28,1.00000000,5.00000000,stock-split,fmp_stable
SMN,2026-05-28,1.00000000,2.00000000,stock-split,fmp_stable
SZK,2026-05-28,1.00000000,2.00000000,stock-split,fmp_stable
UXRP,2026-05-28,1.00000000,5.00000000,stock-split,fmp_stable
HKIT,2026-05-29,1.00000000,3.00000000,stock-split,fmp_stable
SLXN,2026-05-29,1.00000000,10.00000000,stock-split,fmp_stable
CDTG,2026-06-01,1.00000000,25.00000000,stock-split,fmp_stable
DAIC,2026-06-01,1.00000000,25.00000000,stock-split,fmp_stable
FDX,2026-06-01,1241.00000000,1000.00000000,stock-split,fmp_stable
JDZG,2026-06-01,1.00000000,10.00000000,stock-split,fmp_stable
LILA,2026-06-01,11.00000000,10.00000000,stock-split,fmp_stable
LILAK,2026-06-01,11.00000000,10.00000000,stock-split,fmp_stable
SBFM,2026-06-01,1.00000000,10.00000000,stock-split,fmp_stable
SCYX,2026-06-01,1.00000000,8.00000000,stock-split,fmp_stable
SMX,2026-06-01,437.00000000,1000.00000000,stock-split,fmp_stable
TBH,2026-06-01,1.00000000,8.00000000,stock-split,fmp_stable
ZOOZ,2026-06-01,1.00000000,20.00000000,stock-split,fmp_stable
PRHI,2026-06-02,1.00000000,7.00000000,stock-split,fmp_stable
TSYY,2026-06-02,1.00000000,8.00000000,stock-split,fmp_stable
WYHG,2026-06-02,1.00000000,4.00000000,stock-split,fmp_stable
APLZ,2026-06-03,1.00000000,5.00000000,stock-split,fmp_stable
NBIZ,2026-06-03,1.00000000,10.00000000,stock-split,fmp_stable
PW,2026-06-03,1.00000000,10.00000000,stock-split,fmp_stable
SILO,2026-06-03,1.00000000,15.00000000,stock-split,fmp_stable
SNXX,2026-06-03,8.00000000,1.00000000,stock-split,fmp_stable
WDCX,2026-06-03,3.00000000,1.00000000,stock-split,fmp_stable
ICCM,2026-06-04,1.00000000,30.00000000,stock-split,fmp_stable
WXM,2026-06-04,1.00000000,10.00000000,stock-split,fmp_stable
CETX,2026-06-05,1.00000000,10.00000000,stock-split,fmp_stable
SMSI,2026-06-05,1.00000000,5.00000000,stock-split,fmp_stable
CDLX,2026-06-08,1.00000000,10.00000000,stock-split,fmp_stable
FEMY,2026-06-08,1.00000000,20.00000000,stock-split,fmp_stable
HUBC,2026-06-08,1.00000000,20.00000000,stock-split,fmp_stable
KIDZ,2026-06-08,1.00000000,10.00000000,stock-split,fmp_stable
LGHL,2026-06-08,1.00000000,6.00000000,stock-split,fmp_stable
ZCMD,2026-06-08,1.00000000,31.00000000,stock-split,fmp_stable
OPAD,2026-06-09,1.00000000,10.00000000,stock-split,fmp_stable
GMM,2026-06-11,1.00000000,50.00000000,stock-split,fmp_stable
SHPH,2026-06-11,1.00000000,10.00000000,stock-split,fmp_stable
AERT,2026-06-12,1.00000000,8.00000000,stock-split,fmp_stable
KLAC,2026-06-12,10.00000000,1.00000000,stock-split,fmp_stable
METCB,2026-06-12,1011977.00000000,1000000.00000000,stock-split,fmp_stable
XXII,2026-06-12,1.00000000,20.00000000,stock-split,fmp_stable
AMOD,2026-06-15,1.00000000,40.00000000,stock-split,fmp_stable
ATRO,2026-06-15,1253.00000000,1000.00000000,stock-split,fmp_stable
AVX,2026-06-15,1.00000000,12.00000000,stock-split,fmp_stable
TDIC,2026-06-15,1.00000000,25.00000000,stock-split,fmp_stable
AIFU,2026-06-16,1.00000000,20.00000000,stock-split,fmp_stable
CREG,2026-06-16,1.00000000,10.00000000,stock-split,fmp_stable
JZ,2026-06-17,1.00000000,50.00000000,stock-split,fmp_stable
LILA,2026-06-17,184.00000000,125.00000000,stock-split,fmp_stable
UPLD,2026-06-17,1.00000000,10.00000000,stock-split,fmp_stable
VMAR,2026-06-17,1.00000000,10.00000000,stock-split,fmp_stable
ALUR,2026-06-18,1.00000000,15.00000000,stock-split,fmp_stable
WHLR,2026-06-18,1.00000000,4.00000000,stock-split,fmp_stable
WOK,2026-06-18,1.00000000,100.00000000,stock-split,fmp_stable
BMGL,2026-06-22,1.00000000,12.00000000,stock-split,fmp_stable
BOXL,2026-06-22,1.00000000,6.00000000,stock-split,fmp_stable
FXHO,2026-06-22,1.00000000,10.00000000,stock-split,fmp_stable
LHSW,2026-06-22,1.00000000,16.00000000,stock-split,fmp_stable
MNDR,2026-06-22,1.00000000,6.00000000,stock-split,fmp_stable
ORIS,2026-06-22,1.00000000,4.00000000,stock-split,fmp_stable
POM,2026-06-22,1.00000000,18.00000000,stock-split,fmp_stable
WLDS,2026-06-22,1.00000000,3.00000000,stock-split,fmp_stable
WTO,2026-06-22,1.00000000,10.00000000,stock-split,fmp_stable
FCUV,2026-06-23,1.00000000,4.00000000,stock-split,fmp_stable
ILLR,2026-06-23,1.00000000,10.00000000,stock-split,fmp_stable
YYGH,2026-06-23,1.00000000,30.00000000,stock-split,fmp_stable
AMIX,2026-06-24,1.00000000,21.00000000,stock-split,fmp_stable
DD,2026-06-24,1.00000000,3.00000000,stock-split,fmp_stable
JBDI,2026-06-25,1.00000000,2.00000000,stock-split,fmp_stable
NAMI,2026-06-25,1.00000000,25.00000000,stock-split,fmp_stable
DLLL,2026-06-26,8.00000000,1.00000000,stock-split,fmp_stable
MULL,2026-06-26,25.00000000,1.00000000,stock-split,fmp_stable
MVLL,2026-06-26,3.00000000,1.00000000,stock-split,fmp_stable
NUWE,2026-06-26,1.00000000,35.00000000,stock-split,fmp_stable
NVDL,2026-06-26,3.00000000,1.00000000,stock-split,fmp_stable
RUBI,2026-06-26,1.00000000,25.00000000,stock-split,fmp_stable
VRAX,2026-06-26,1.00000000,25.00000000,stock-split,fmp_stable
VRTL,2026-06-26,3.00000000,1.00000000,stock-split,fmp_stable
HON,2026-06-28,1907.00000000,2000.00000000,spin-off,fmp_stable
GDC,2026-06-29,1.00000000,250.00000000,stock-split,fmp_stable
GIBO,2026-06-29,1.00000000,25.00000000,stock-split,fmp_stable
HON,2026-06-29,1.00000000,2.00000000,stock-split,fmp_stable
MNDR,2026-06-29,1.00000000,6.00000000,stock-split,fmp_stable
PAVS,2026-06-29,1.00000000,100.00000000,stock-split,fmp_stable
XXRP,2026-06-29,1.00000000,10.00000000,stock-split,fmp_stable
ZCMD,2026-06-29,1.00000000,3.00000000,stock-split,fmp_stable
HCWB,2026-06-30,1.00000000,6.00000000,stock-split,fmp_stable
JBDI,2026-06-30,1.00000000,2.00000000,stock-split,fmp_stable
QNCX,2026-06-30,1.00000000,20.00000000,stock-split,fmp_stable
TRNR,2026-06-30,1.00000000,7.00000000,stock-split,fmp_stable
ALIT,2026-07-01,1.00000000,20.00000000,stock-split,fmp_stable
BFOR,2026-07-01,4.00000000,1.00000000,stock-split,fmp_stable
FOXO,2026-07-01,1.00000000,3000.00000000,stock-split,fmp_stable
MLI,2026-07-01,2.00000000,1.00000000,stock-split,fmp_stable
MQ,2026-07-01,1.00000000,4.00000000,stock-split,fmp_stable
RMTI,2026-07-01,1.00000000,10.00000000,stock-split,fmp_stable
UVIX,2026-07-01,1.00000000,20.00000000,stock-split,fmp_stable
CRWD,2026-07-02,4.00000000,1.00000000,stock-split,fmp_stable
GMEX,2026-07-02,1.00000000,9.00000000,stock-split,fmp_stable
ABTC,2026-07-06,1.00000000,15.00000000,stock-split,fmp_stable
CRIS,2026-07-06,1.00000000,20.00000000,stock-split,fmp_stable
HKIT,2026-07-06,1.00000000,25.00000000,stock-split,fmp_stable
INLF,2026-07-06,1.00000000,200.00000000,stock-split,fmp_stable
JZ,2026-07-06,1.00000000,30.00000000,stock-split,fmp_stable
NIPG,2026-07-06,1.00000000,30.00000000,stock-split,fmp_stable
NIVF,2026-07-06,1.00000000,3.00000000,stock-split,fmp_stable
NTCL,2026-07-06,1.00000000,50.00000000,stock-split,fmp_stable
NVVE,2026-07-06,1.00000000,18.00000000,stock-split,fmp_stable
SLAI,2026-07-06,1.00000000,7.00000000,stock-split,fmp_stable
SNAL,2026-07-06,1.00000000,5.00000000,stock-split,fmp_stable
SRXH,2026-07-06,1.00000000,60.00000000,stock-split,fmp_stable
TXXS,2026-07-06,1.00000000,10.00000000,stock-split,fmp_stable
CGTL,2026-07-07,1.00000000,15.00000000,stock-split,fmp_stable
MIDD,2026-07-07,1243.00000000,1000.00000000,stock-split,fmp_stable
NCRA,2026-07-07,1.00000000,30.00000000,stock-split,fmp_stable
PFSA,2026-07-07,1.00000000,25.00000000,stock-split,fmp_stable
SVC,2026-07-07,1.00000000,5.00000000,stock-split,fmp_stable
ENLV,2026-07-09,1.00000000,15.00000000,stock-split,fmp_stable
LGHL,2026-07-09,1.00000000,6.00000000,stock-split,fmp_stable
RBNE,2026-07-09,1.00000000,15.00000000,stock-split,fmp_stable
ARMH,2026-07-10,10.00000000,1.00000000,stock-split,fmp_stable
ASMH,2026-07-10,10.00000000,1.00000000,stock-split,fmp_stable
GIPR,2026-07-10,1.00000000,10.00000000,stock-split,fmp_stable
GORO,2026-07-10,1.00000000,4.00000000,stock-split,fmp_stable
SNFCA,2026-07-10,21.00000000,20.00000000,stock-split,fmp_stable
STHH,2026-07-10,10.00000000,1.00000000,stock-split,fmp_stable
YMAT,2026-07-10,1.00000000,5.00000000,stock-split,fmp_stable
BIYA,2026-07-13,1.00000000,10.00000000,stock-split,fmp_stable
CCHH,2026-07-13,1.00000000,10.00000000,stock-split,fmp_stable
CPOP,2026-07-13,1.00000000,10.00000000,stock-split,fmp_stable
EDBL,2026-07-13,1.00000000,45.00000000,stock-split,fmp_stable
FTFT,2026-07-13,1.00000000,4.00000000,stock-split,fmp_stable
GRTX,2026-07-13,1.00000000,200.00000000,stock-split,fmp_stable
LMFA,2026-07-13,1.00000000,25.00000000,stock-split,fmp_stable
PSQH,2026-07-13,1.00000000,15.00000000,stock-split,fmp_stable
XAIR,2026-07-13,1.00000000,20.00000000,stock-split,fmp_stable
YHC,2026-07-13,1.00000000,100.00000000,stock-split,fmp_stable
ARMH,2026-07-14,10.00000000,1.00000000,stock-split,fmp_stable
ASMH,2026-07-14,10.00000000,1.00000000,stock-split,fmp_stable
JEM,2026-07-14,1.00000000,12.00000000,stock-split,fmp_stable
LGHL,2026-07-14,1.00000000,9.00000000,stock-split,fmp_stable
SOXS,2026-07-14,1.00000000,20.00000000,stock-split,fmp_stable
STHH,2026-07-14,10.00000000,1.00000000,stock-split,fmp_stable
YXT,2026-07-14,1.00000000,10.00000000,stock-split,fmp_stable
ADPT,2026-07-15,1.00000000,4.00000000,stock-split,fmp_stable
AIBD,2026-07-15,1.00000000,10.00000000,stock-split,fmp_stable
AMDD,2026-07-15,1.00000000,10.00000000,stock-split,fmp_stable
DRIP,2026-07-15,1.00000000,10.00000000,stock-split,fmp_stable
GGLS,2026-07-15,1.00000000,10.00000000,stock-split,fmp_stable
KORU,2026-07-15,20.00000000,1.00000000,stock-split,fmp_stable
MUU,2026-07-15,20.00000000,1.00000000,stock-split,fmp_stable
MUU,2026-07-15,20.00000000,1.00000000,stock-split,fmp_stable
SOXS,2026-07-15,1.00000000,10.00000000,stock-split,fmp_stable
TECS,2026-07-15,1.00000000,10.00000000,stock-split,fmp_stable
TZA,2026-07-15,1.00000000,10.00000000,stock-split,fmp_stable
GNPX,2026-07-16,1.00000000,22.00000000,stock-split,fmp_stable
MEDS,2026-07-16,1.00000000,50.00000000,stock-split,fmp_stable
QH,2026-07-17,843.00000000,1000.00000000,stock-dividend,fmp_stable
VIVK,2026-07-17,1.00000000,20.00000000,stock-split,fmp_stable
APM,2026-07-20,1.00000000,10.00000000,stock-split,fmp_stable
BANL,2026-07-20,1.00000000,13.00000000,stock-split,fmp_stable
BKEM,2026-07-20,3.00000000,1.00000000,stock-split,fmp_stable
BKIE,2026-07-20,3.00000000,1.00000000,stock-split,fmp_stable
BKLC,2026-07-20,3.00000000,1.00000000,stock-split,fmp_stable
BKMC,2026-07-20,3.00000000,1.00000000,stock-split,fmp_stable
BKSE,2026-07-20,3.00000000,1.00000000,stock-split,fmp_stable
CCG,2026-07-20,1.00000000,35.00000000,stock-split,fmp_stable
CDT,2026-07-20,1.00000000,10.00000000,stock-split,fmp_stable
CIIT,2026-07-20,1.00000000,10.00000000,stock-split,fmp_stable
DFNS,2026-07-20,1.00000000,125.00000000,stock-split,fmp_stable
PRPL,2026-07-20,1.00000000,25.00000000,stock-split,fmp_stable
SNEX,2026-07-20,3.00000000,2.00000000,stock-split,fmp_stable
TOMZ,2026-07-20,1.00000000,3.00000000,stock-split,fmp_stable
WLFC,2026-07-20,3.00000000,1.00000000,stock-split,fmp_stable
CANG,2026-07-21,1.00000000,10.00000000,stock-split,fmp_stable
CLBK,2026-07-21,11.00000000,5.00000000,stock-split,fmp_stable
IREZ,2026-07-21,1.00000000,3.00000000,stock-split,fmp_stable
NBIZ,2026-07-21,1.00000000,3.00000000,stock-split,fmp_stable
WLFC,2026-07-21,3.00000000,1.00000000,stock-split,fmp_stable
XPON,2026-07-21,1.00000000,12.00000000,stock-split,fmp_stable
MSS,2026-07-22,1.00000000,5.00000000,stock-split,fmp_stable
RBKB,2026-07-22,1397.00000000,1000.00000000,stock-split,fmp_stable
APUS,2026-07-24,1.00000000,10.00000000,stock-split,fmp_stable
DBGI,2026-07-24,1.00000000,40.00000000,stock-split,fmp_stable
FFAI,2026-07-24,1.00000000,150.00000000,stock-split,fmp_stable
TRIB,2026-07-24,1.00000000,30.00000000,stock-split,fmp_stable
AMZE,2026-07-27,1.00000000,8.00000000,stock-split,fmp_stable
SBEV,2026-07-27,1.00000000,4.00000000,stock-split,fmp_stable
SGLY,2026-07-27,1.00000000,14.00000000,stock-split,fmp_stable
STKH,2026-07-27,1.00000000,3.00000000,stock-split,fmp_stable
VYNE,2026-07-27,1.00000000,50.00000000,stock-split,fmp_stable
ZNB,2026-07-27,1.00000000,8.00000000,stock-split,fmp_stable
FOXO,2026-07-28,1.00000000,3000.00000000,stock-split,fmp_stable
WHLR,2026-07-28,1.00000000,5.00000000,stock-split,fmp_stable
BDRX,2026-07-29,1.00000000,10000.00000000,,fmp_stable
YAAS,2026-07-30,1.00000000,5.00000000,stock-split,fmp_stable
CLDI,2026-07-31,1.00000000,16.00000000,stock-split,fmp_stable
CSAI,2026-07-31,1.00000000,30.00000000,stock-split,fmp_stable
NEXR,2026-07-31,1.00000000,11.00000000,stock-split,fmp_stable
OFAL,2026-07-31,1.00000000,10.00000000,stock-split,fmp_stable
KWM,2026-08-02,1.00000000,30.00000000,,fmp_stable
KWM,2026-08-03,1.00000000,30.00000000,stock-split,fmp_stable
LBGJ,2026-08-03,1.00000000,200.00000000,stock-split,fmp_stable
LEXX,2026-08-03,1.00000000,15.00000000,stock-split,fmp_stable
MVIS,2026-08-03,1.00000000,15.00000000,stock-split,fmp_stable
PMI,2026-08-03,1.00000000,50.00000000,stock-split,fmp_stable
SEGG,2026-08-03,1.00000000,7.00000000,stock-split,fmp_stable
TOP,2026-08-03,1.00000000,5.00000000,stock-split,fmp_stable
WETO,2026-08-03,1.00000000,100.00000000,stock-split,fmp_stable
AEMD,2026-08-04,1.00000000,5.00000000,stock-split,fmp_stable
REZI,2026-08-04,1437.00000000,1000.00000000,stock-split,fmp_stable
WORX,2026-08-04,1.00000000,12.00000000,stock-split,fmp_stable
SFBS,2026-08-05,2.00000000,1.00000000,stock-split,fmp_stable
BYAH,2026-08-06,1.00000000,8.00000000,stock-split,fmp_stable
GRNQ,2026-08-06,1.00000000,10.00000000,stock-split,fmp_stable
SUGP,2026-08-06,1.00000000,5.00000000,stock-split,fmp_stable
IPW,2026-08-07,1.00000000,9.00000000,,fmp_stable
JUNS,2026-08-07,1.00000000,75.00000000,,fmp_stable
AEHL,2026-08-10,1.00000000,16.00000000,,fmp_stable
ELPW,2026-08-10,1.00000000,45.00000000,stock-split,fmp_stable
NXTT,2026-08-10,1.00000000,100.00000000,stock-split,fmp_stable
ONFO,2026-08-10,1.00000000,50.00000000,stock-split,fmp_stable
SXTC,2026-08-10,1.00000000,80.00000000,stock-split,fmp_stable
THH,2026-08-10,1.00000000,10.00000000,stock-split,fmp_stable
TNON,2026-08-10,1.00000000,35.00000000,stock-split,fmp_stable
MNST,2026-08-11,2.00000000,1.00000000,stock-split,fmp_stable
MSGY,2026-08-11,1.00000000,8.00000000,stock-split,fmp_stable
RUSHA,2026-08-11,3.00000000,2.00000000,stock-split,fmp_stable
RUSHB,2026-08-11,3.00000000,2.00000000,stock-split,fmp_stable
SCCO,2026-08-11,253.00000000,250.00000000,stock-split,fmp_stable
BNRG,2026-08-13,1.00000000,6.00000000,stock-split,fmp_stable
KIDZ,2026-08-13,1.00000000,15.00000000,stock-split,fmp_stable
MBAI,2026-08-13,1.00000000,7.00000000,stock-split,fmp_stable
MYSZ,2026-08-13,1.00000000,8.00000000,stock-split,fmp_stable
SMXT,2026-08-13,1.00000000,12.00000000,stock-split,fmp_stable
BYND,2026-08-14,1.00000000,30.00000000,stock-split,fmp_stable
HAO,2026-08-14,1.00000000,20.00000000,stock-split,fmp_stable
IESC,2026-08-14,2.00000000,1.00000000,stock-split,fmp_stable
XCH,2026-08-14,1.00000000,20.00000000,stock-split,fmp_stable
APH,2026-08-17,2.00000000,1.00000000,stock-split,fmp_stable
PFSA,2026-08-17,1.00000000,4.00000000,stock-split,fmp_stable
YYAI,2026-08-17,1.00000000,20.00000000,stock-split,fmp_stable
CXAI,2026-08-18,1.00000000,50.00000000,stock-split,fmp_stable
KEEX,2026-08-18,4.00000000,1.00000000,stock-split,fmp_stable
LNOK,2026-08-18,2.00000000,1.00000000,stock-split,fmp_stable
RCON,2026-08-18,1.00000000,200.00000000,stock-split,fmp_stable
CISS,2026-08-19,1.00000000,40.00000000,stock-split,fmp_stable
GLMD,2026-08-19,1.00000000,8.00000000,stock-split,fmp_stable
NRDY,2026-08-19,1.00000000,15.00000000,stock-split,fmp_stable
ALCE,2026-08-20,1.00000000,2500.00000000,stock-split,fmp_stable
CURX,2026-08-20,1.00000000,20.00000000,,fmp_stable
BTOG,2026-08-21,1.00000000,5.00000000,,fmp_stable
ELAB,2026-08-21,1.00000000,10.00000000,stock-split,fmp_stable
LIMN,2026-08-21,1.00000000,50.00000000,,fmp_stable
MGN,2026-08-21,1.00000000,40.00000000,stock-split,fmp_stable
SCNI,2026-08-21,1.00000000,10.00000000,stock-split,fmp_stable
SFBS,2026-08-21,2.00000000,1.00000000,stock-split,fmp_stable
SMTK,2026-08-21,1.00000000,50.00000000,,fmp_stable
XCH,2026-08-21,1.00000000,20.00000000,stock-split,fmp_stable
BIAF,2026-08-24,1.00000000,15.00000000,stock-split,fmp_stable
BRCC,2026-08-24,1.00000000,10.00000000,stock-split,fmp_stable
GAME,2026-08-24,1.00000000,8.00000000,stock-split,fmp_stable
GRML,2026-08-24,1.00000000,50.00000000,stock-split,fmp_stable
IESC,2026-08-24,2.00000000,1.00000000,stock-split,fmp_stable
INCR,2026-08-24,1.00000000,5.00000000,stock-split,fmp_stable
MSTU,2026-08-24,1.00000000,10.00000000,stock-split,fmp_stable
SKYE,2026-08-24,1.00000000,8.00000000,stock-split,fmp_stable
VCIG,2026-08-24,1.00000000,15.00000000,stock-split,fmp_stable
GPUS,2026-08-25,1.00000000,5.00000000,stock-split,fmp_stable
REAX,2026-08-25,1.00000000,10.00000000,stock-split,fmp_stable
VMAR,2026-08-26,1.00000000,10.00000000,stock-split,fmp_stable
IMCC,2026-08-27,1.00000000,30.00000000,stock-split,fmp_stable
LGVN,2026-08-27,1.00000000,10.00000000,,fmp_stable
NVX,2026-08-27,1.00000000,10.00000000,stock-split,fmp_stable
WHLR,2026-08-27,1.00000000,4.00000000,,fmp_stable
YMT,2026-08-27,1.00000000,16.00000000,stock-split,fmp_stable
CYCU,2026-08-28,1.00000000,8.00000000,stock-split,fmp_stable
FTRK,2026-08-28,1.00000000,20.00000000,stock-split,fmp_stable
ARTL,2026-08-31,1.00000000,9.00000000,,fmp_stable
CALC,2026-08-31,1.00000000,5.00000000,stock-split,fmp_stable
FTFT,2026-08-31,1.00000000,4.00000000,,fmp_stable
GCTK,2026-08-31,1.00000000,15.00000000,,fmp_stable
HCWC,2026-08-31,1.00000000,35.00000000,stock-split,fmp_stable
NXL,2026-08-31,1.00000000,30.00000000,,fmp_stable
OMH,2026-08-31,1.00000000,50.00000000,stock-split,fmp_stable
TPET,2026-08-31,1.00000000,9.00000000,stock-split,fmp_stable
VEEA,2026-08-31,1.00000000,20.00000000,,fmp_stable
FEED,2026-09-01,1.00000000,12.00000000,,fmp_stable
FGL,2026-09-01,1.00000000,100.00000000,stock-split,fmp_stable
KAPA,2026-09-01,1.00000000,7.00000000,,fmp_stable
LGCL,2026-09-01,1.00000000,125.00000000,,fmp_stable
NIVF,2026-09-01,1.00000000,3.00000000,,fmp_stable
RUSHA,2026-09-01,3.00000000,2.00000000,stock-split,fmp_stable
RUSHB,2026-09-01,3.00000000,2.00000000,stock-split,fmp_stable
UMBF,2026-09-01,3.00000000,2.00000000,stock-split,fmp_stable
BURU,2026-09-02,1.00000000,40.00000000,stock-split,fmp_stable
APH,2026-09-03,2.00000000,1.00000000,stock-split,fmp_stable
CLGN,2026-09-04,1.00000000,10.00000000,stock-split,fmp_stable
TANH,2026-09-04,1.00000000,50.00000000,,fmp_stable
AIXI,2026-09-08,1.00000000,7.00000000,stock-split,fmp_stable
BRTX,2026-09-08,1.00000000,20.00000000,,fmp_stable
CTSO,2026-09-08,1.00000000,20.00000000,,fmp_stable
GTBP,2026-09-08,1.00000000,25.00000000,stock-split,fmp_stable
IGR,2026-09-08,1.00000000,3.00000000,stock-split,fmp_stable
LRHC,2026-09-08,1.00000000,6.00000000,stock-split,fmp_stable
MGN,2026-09-08,1.00000000,40.00000000,,fmp_stable
SFWL,2026-09-08,1.00000000,15.00000000,stock-split,fmp_stable
TNMG,2026-09-08,1.00000000,8.00000000,stock-split,fmp_stable
TXXD,2026-09-08,1.00000000,10.00000000,,fmp_stable
WCT,2026-09-08,1.00000000,5.00000000,,fmp_stable
ALP,2026-09-09,1.00000000,50.00000000,,fmp_stable
AVXX,2026-09-09,1.00000000,5.00000000,,fmp_stable
CYCN,2026-09-09,1.00000000,7.00000000,stock-split,fmp_stable
IONZ,2026-09-09,1.00000000,10.00000000,,fmp_stable
KEEX,2026-09-09,4.00000000,1.00000000,stock-split,fmp_stable
LNOK,2026-09-09,2.00000000,1.00000000,stock-split,fmp_stable
OSCX,2026-09-09,3.00000000,1.00000000,stock-split,fmp_stable
PHGE,2026-09-09,1.00000000,10.00000000,stock-split,fmp_stable
RCAX,2026-09-09,1.00000000,5.00000000,,fmp_stable
RKLZ,2026-09-09,1.00000000,5.00000000,,fmp_stable
UCAR,2026-09-09,1.00000000,20.00000000,stock-split,fmp_stable
KEEX,2026-09-10,4.00000000,1.00000000,stock-split,fmp_stable
LFT,2026-09-10,1.00000000,10.00000000,stock-split,fmp_stable
LGHL,2026-09-10,1.00000000,20.00000000,stock-split,fmp_stable
LNOK,2026-09-10,2.00000000,1.00000000,stock-split,fmp_stable
OKLL,2026-09-10,1.00000000,5.00000000,,fmp_stable
QBTZ,2026-09-10,1.00000000,5.00000000,,fmp_stable
RGTZ,2026-09-10,1.00000000,5.00000000,stock-split,fmp_stable
SMCZ,2026-09-10,1.00000000,2.00000000,,fmp_stable
GAUZ,2026-09-11,1.00000000,20.00000000,,fmp_stable
GOSS,2026-09-11,1.00000000,80.00000000,stock-split,fmp_stable
METCB,2026-09-11,41.00000000,40.00000000,stock-split,fmp_stable
CPOP,2026-09-14,1.00000000,15.00000000,stock-split,fmp_stable
HUBC,2026-09-14,1.00000000,25.00000000,,fmp_stable
IPDN,2026-09-14,1.00000000,30.00000000,stock-split,fmp_stable
NFE,2026-09-14,1.00000000,50.00000000,stock-split,fmp_stable
NRSN,2026-09-14,1.00000000,20.00000000,stock-split,fmp_stable
NXXT,2026-09-14,1.00000000,10.00000000,stock-split,fmp_stable
OPTT,2026-09-14,1.00000000,30.00000000,,fmp_stable
IZM,2026-09-15,1.00000000,5.00000000,stock-split,fmp_stable
MPU,2026-09-16,1.00000000,20.00000000,,fmp_stable
JAGX,2026-09-17,1.00000000,15.00000000,,fmp_stable
MGN,2026-09-17,1.00000000,30.00000000,,fmp_stable
NCT,2026-09-17,1.00000000,25.00000000,,fmp_stable
EPOW,2026-09-18,1.00000000,25.00000000,stock-split,fmp_stable
UZX,2026-09-21,1.00000000,23.00000000,,fmp_stable
CRMX,2026-09-22,1.00000000,4.00000000,stock-split,fmp_stable
NBIZ,2026-09-22,1.00000000,4.00000000,stock-split,fmp_stable
ONDU,2026-09-22,1.00000000,4.00000000,stock-split,fmp_stable
VWAV,2026-09-22,1.00000000,20.00000000,stock-split,fmp_stable
WHLR,2026-09-22,1.00000000,9.00000000,,fmp_stable
IBO,2026-09-23,50.00000000,631.00000000,,fmp_stable
VSEE,2026-09-24,1.00000000,80.00000000,stock-split,fmp_stable
KITT,2026-09-25,1.00000000,6.00000000,,fmp_stable
RPGL,2026-09-25,1.00000000,16.00000000,,fmp_stable
CTNT,2026-09-28,1.00000000,150.00000000,,fmp_stable
DCX,2026-09-28,1.00000000,160.00000000,stock-split,fmp_stable
DLXY,2026-09-28,1.00000000,5.00000000,stock-split,fmp_stable
FBGL,2026-09-28,1.00000000,10.00000000,stock-split,fmp_stable
GMEX,2026-09-28,1.00000000,9.00000000,,fmp_stable
IMMP,2026-09-28,1.00000000,20.00000000,stock-split,fmp_stable
MTNB,2026-09-28,1.00000000,15.00000000,stock-split,fmp_stable
AGRZ,2026-09-29,1.00000000,20.00000000,stock-split,fmp_stable
MYPS,2026-10-01,1.00000000,10.00000000,stock-split,fmp_stable
ETHA,2026-10-06,1.00000000,3.00000000,stock-split,fmp_stable
GPMT,2026-10-06,1.00000000,10.00000000,stock-split,fmp_stable
GCDT,2026-10-07,1.00000000,6.00000000,stock-split,fmp_stable
MGF,2026-10-08,1.00000000,5.00000000,stock-split,fmp_stable
MIN,2026-10-08,1.00000000,6.00000000,stock-split,fmp_stable
DXJ,2026-10-09,3.00000000,1.00000000,stock-split,fmp_stable
SOXX,2026-11-05,3.00000000,1.00000000,stock-split,fmp_stable
