symbol,event_type,event_date,ref_date,ref_close_adj,ref_close_raw,open_adj,high_adj,low_adj,close_adj,close_raw,split_factor,ref_split_factor,jump,held_faded,price_test,price_basis,avg_vol_20,volume_basis,prior_sessions,splits_within_5d,factor_step_on_day,same_bars_as,raw_symbol,exchange,security_type,suspect_many_events,suspect_jump_no_ca,possible_unapplied_split,status,reason
DFLIW,CLOSE_100,2025-10-02,2025-10-01,0.516990000000000010339800,0.05169900,0.573000000000000011460000,1.330000000000000026600000,0.520000000000000010400000,1.250000000000000025000000,0.12500000,10.0000000000000002,10.0000000000000002,2.4178,,1.250000,adjusted,14342.5,adjusted,20,,False,,DFLIW,,,False,False,False,PENDING,exchange and security type unknown (no security master)
AREB,CLOSE_100,2025-10-03,2025-10-02,0.930000000,0.93000000,16.750000000,17.000000000,10.310000000,10.470000000,10.47000000,1.0,1.0,11.2581,,10.470000,adjusted,3572000.0,adjusted,20,2025-10-03:1.00000000-for-20.00000000,False,,AREB,,,False,False,True,PENDING,exchange and security type unknown (no security master); split recorded within ±5 days but gold not adjusted: jump may be the split
ONMD,CLOSE_100,2025-10-06,2025-10-03,1.030000000,1.03000000,1.440000000,3.670000000,1.410000000,2.560000000,2.56000000,1.0,1.0,2.4854,,2.560000,adjusted,297352.6,adjusted,20,,False,,ONMD,,,False,False,False,PENDING,exchange and security type unknown (no security master)
ADD,CLOSE_100,2025-10-07,2025-10-06,1.660000000,1.66000000,4.580000000,5.230000000,2.960000000,3.400000000,3.40000000,1.0,1.0,2.0482,,3.400000,adjusted,3245996.0,adjusted,20,,False,,ADD,,,False,False,False,PENDING,exchange and security type unknown (no security master)
CHAI,CLOSE_100,2025-10-07,2025-10-06,3.070000000,3.07000000,14.010000000,15.060000000,7.750000000,8.410000000,8.41000000,1.0,1.0,2.7394,,8.410000,adjusted,1940174.0,adjusted,20,2025-10-07:1.00000000-for-4.00000000,False,,CHAI,,,False,False,True,PENDING,exchange and security type unknown (no security master); split recorded within ±5 days but gold not adjusted: jump may be the split
XBIO,CLOSE_100,2025-10-08,2025-10-07,4.290000000,4.29000000,11.700000000,13.930000000,9.340000000,10.360000000,10.36000000,1.0,1.0,2.4149,,10.360000,adjusted,29802.5,adjusted,20,,False,,XBIO,,,False,False,False,PENDING,exchange and security type unknown (no security master)
GWH,CLOSE_100,2025-10-10,2025-10-09,1.720000000,1.72000000,3.630000000,5.330000000,3.040000000,4.160000000,4.16000000,1.0,1.0,2.4186,,4.160000,adjusted,852728.1,adjusted,20,,False,,GWH,,,False,False,False,PENDING,exchange and security type unknown (no security master)
GWH,CLOSE_100,2025-10-13,2025-10-10,4.160000000,4.16000000,5.800000000,13.870000000,5.630000000,9.050000000,9.05000000,1.0,1.0,2.1755,,9.050000,adjusted,14880749.1,adjusted,20,,False,,GWH,,,False,False,False,PENDING,exchange and security type unknown (no security master)
XCH,CLOSE_100,2025-10-13,2025-10-10,0.826000000,0.82600000,1.040000000,2.500000000,0.956000000,1.680000000,1.68000000,1.0,1.0,2.0339,,1.680000,adjusted,34035.7,adjusted,20,,False,,XCH,,,False,False,False,PENDING,exchange and security type unknown (no security master)
EDHL,CLOSE_100,2025-10-14,2025-10-13,7.979999999999999700750000,0.49875000,13.150079999999999506872000,19.359999999999999274000000,12.130079999999999545122000,17.119999999999999358000000,1.07000000,15.9999999999999994,15.9999999999999994,2.1454,,17.120000,adjusted,23535.7,adjusted,20,,False,,EDHL,,,False,False,False,PENDING,exchange and security type unknown (no security master)
GWAV,CLOSE_100,2025-10-14,2025-10-13,8.510000000,8.51000000,17.160000000,24.000000000,15.050000000,17.550000000,17.55000000,1.0,1.0,2.0623,,17.550000,adjusted,183685.0,adjusted,20,,False,,GWAV,,,False,False,False,PENDING,exchange and security type unknown (no security master)
NVA,CLOSE_100,2025-10-14,2025-10-13,6.8300000000000000000000000000,34.15000000,11.4500000000000000000000000000,16.2800000000000000000000000000,9.6200000000000000000000000000,14.3700000000000000000000000000,71.85000000,0.20000000000000000000,0.20000000000000000000,2.1040,,14.370000,adjusted,3264887.3,adjusted,20,,False,,NVA,,,False,False,False,PENDING,exchange and security type unknown (no security master)
PFAI,CLOSE_100,2025-10-15,2025-10-14,1.910000000,1.91000000,3.430000000,4.930000000,3.010000000,4.570000000,4.57000000,1.0,1.0,2.3927,,4.570000,adjusted,110319.7,adjusted,20,,False,,PFAI,,,False,False,False,PENDING,exchange and security type unknown (no security master)
ARTV,CLOSE_100,2025-10-17,2025-10-16,2.770000000,2.77000000,5.590000000,7.360000000,5.140000000,6.010000000,6.01000000,1.0,1.0,2.1697,,6.010000,adjusted,1188309.6,adjusted,20,,False,,ARTV,,,False,False,False,PENDING,exchange and security type unknown (no security master)
BYND,CLOSE_100,2025-10-20,2025-10-17,19.368000000000000451920000,0.64560000,30.600000000000000714000000,45.900000000000001071000000,26.436000000000000616840000,44.100000000000001029000000,1.47000000,30.0000000000000007,30.0000000000000007,2.2770,,44.100000,adjusted,1914359.5,adjusted,20,,False,,BYND,,,False,False,False,PENDING,exchange and security type unknown (no security master)
BYND,CLOSE_100,2025-10-21,2025-10-20,44.100000000000001029000000,1.47000000,69.300000000000001617000000,115.800000000000002702000000,57.900000000000001351000000,108.600000000000002534000000,3.62000000,30.0000000000000007,30.0000000000000007,2.4626,,108.600000,adjusted,3916225.9,adjusted,20,,False,,BYND,,,False,False,False,PENDING,exchange and security type unknown (no security master)
NERV,CLOSE_100,2025-10-21,2025-10-20,2.660000000,2.66000000,6.740000000,12.460000000,5.980000000,6.410000000,6.41000000,1.0,1.0,2.4098,,6.410000,adjusted,692879.6,adjusted,20,,False,,NERV,,,False,False,False,PENDING,exchange and security type unknown (no security master)
MSAI,CLOSE_100,2025-10-23,2025-10-22,26.769999999999999933075000,0.66925000,26.799999999999999933000000,55.999999999999999860000000,26.799999999999999933000000,53.999999999999999865000000,1.35000000,39.9999999999999999,39.9999999999999999,2.0172,,54.000000,adjusted,45198.3,adjusted,20,,False,,MSAI,,,False,False,False,PENDING,exchange and security type unknown (no security master)
INBX,CLOSE_100,2025-10-24,2025-10-23,28.360000000,28.36000000,49.130000000,60.200000000,46.010000000,57.290000000,57.29000000,1.0,1.0,2.0201,,57.290000,adjusted,231337.5,adjusted,20,,False,,INBX,,,False,False,False,PENDING,exchange and security type unknown (no security master)
DZZ,CLOSE_100,2025-10-27,2025-10-24,3.600000000,3.60000000,4.930000000,11.760000000,4.700000000,8.420000000,8.42000000,1.0,1.0,2.3389,,8.420000,adjusted,103507.6,adjusted,20,,False,,DZZ,,,False,False,False,PENDING,exchange and security type unknown (no security master)
SOHO,CLOSE_100,2025-10-27,2025-10-24,0.890300000,0.89030000,2.130000000,2.150000000,2.120000000,2.150000000,2.15000000,1.0,1.0,2.4149,,2.150000,adjusted,74881.3,adjusted,20,,False,,SOHO,,,False,False,False,PENDING,exchange and security type unknown (no security master)
BQ,CLOSE_100,2025-10-30,2025-10-29,7.940000000,7.94000000,7.780000000,56.100000000,7.780000000,16.970000000,16.97000000,1.0,1.0,2.1373,,16.970000,adjusted,946380.2,adjusted,20,,False,,BQ,,,False,False,False,PENDING,exchange and security type unknown (no security master)
TGE,CLOSE_100,2025-11-03,2025-10-31,0.777700000,0.77770000,1.170000000,1.990000000,1.070000000,1.810000000,1.81000000,1.0,1.0,2.3274,,1.810000,adjusted,3182613.0,adjusted,20,,False,,TGE,,,False,False,False,PENDING,exchange and security type unknown (no security master)
EVOK,CLOSE_100,2025-11-04,2025-11-03,4.590000000,4.59000000,10.700000000,10.790000000,10.660000000,10.660000000,10.66000000,1.0,1.0,2.3224,,10.660000,adjusted,25257.5,adjusted,20,,False,,EVOK,,,False,False,False,PENDING,exchange and security type unknown (no security master)
COGT,CLOSE_100,2025-11-10,2025-11-07,14.820000000,14.82000000,32.760000000,36.150000000,31.000000000,32.460000000,32.46000000,1.0,1.0,2.1903,,32.460000,adjusted,2614496.4,adjusted,20,,False,,COGT,,,False,False,False,PENDING,exchange and security type unknown (no security master)
MOVE,CLOSE_100,2025-11-10,2025-11-07,4.770000000,4.77000000,13.530000000,21.230000000,10.760000000,11.910000000,11.91000000,1.0,1.0,2.4969,,11.910000,adjusted,24607.8,adjusted,20,,False,,MOVE,,,False,False,False,PENDING,exchange and security type unknown (no security master)
CDTX,CLOSE_100,2025-11-14,2025-11-13,105.990000000,105.99000000,217.200000000,218.850000000,216.800000000,217.710000000,217.71000000,1.0,1.0,2.0541,,217.710000,adjusted,813006.6,adjusted,20,,False,,CDTX,,,False,False,False,PENDING,exchange and security type unknown (no security master)
OLMA,CLOSE_100,2025-11-18,2025-11-17,8.520000000,8.52000000,26.460000000,27.170000000,18.110000000,20.140000000,20.14000000,1.0,1.0,2.3638,,20.140000,adjusted,992327.8,adjusted,20,,False,,OLMA,,,False,False,False,PENDING,exchange and security type unknown (no security master)
CETY,CLOSE_100,2025-11-25,2025-11-24,1.070000000,1.07000000,1.720000000,2.980000000,1.550000000,2.320000000,2.32000000,1.0,1.0,2.1682,,2.320000,adjusted,126354.8,adjusted,20,,False,,CETY,,,False,False,False,PENDING,exchange and security type unknown (no security master)
KTTA,CLOSE_100,2025-11-26,2025-11-25,0.487600000,0.48760000,0.510000000,1.340000000,0.506900000,1.060000000,1.06000000,1.0,1.0,2.1739,,1.060000,adjusted,4353057.2,adjusted,20,,False,,KTTA,,,False,False,False,PENDING,exchange and security type unknown (no security master)
ZYXI,CLOSE_100,2025-11-26,2025-11-25,0.737400000,0.73740000,0.720500000,2.100000000,0.695000000,1.590000000,1.59000000,1.0,1.0,2.1562,,1.590000,adjusted,6639465.7,adjusted,20,,False,,ZYXI,,,False,False,False,PENDING,exchange and security type unknown (no security master)
CNCK,CLOSE_100,2025-12-01,2025-11-28,3.240000000,3.24000000,3.640000000,9.310000000,3.240000000,7.880000000,7.88000000,1.0,1.0,2.4321,,7.880000,adjusted,28368.8,adjusted,20,,False,,CNCK,,,False,False,False,PENDING,exchange and security type unknown (no security master)
PLRZ,CLOSE_100,2025-12-02,2025-12-01,3.160000000,3.16000000,6.970000000,8.360000000,5.850000000,7.330000000,7.33000000,1.0,1.0,2.3196,,7.330000,adjusted,219212.8,adjusted,20,2025-11-28:1.00000000-for-6.00000000,False,,PLRZ,,,False,False,False,PENDING,exchange and security type unknown (no security master)
KITT,CLOSE_100,2025-12-03,2025-12-02,34.679999999999998988500000,0.72250000,36.479999999999998936000000,81.599999999999997620000000,34.199999999999999002500000,74.879999999999997816000000,1.56000000,47.9999999999999986,47.9999999999999986,2.1592,,74.880000,adjusted,11406.8,adjusted,20,,False,,KITT,,,False,False,False,PENDING,exchange and security type unknown (no security master)
PLRZ,CLOSE_100,2025-12-04,2025-12-03,7.090000000,7.09000000,16.310000000,18.200000000,12.460000000,14.500000000,14.50000000,1.0,1.0,2.0451,,14.500000,adjusted,8149313.6,adjusted,20,,False,,PLRZ,,,False,False,False,PENDING,exchange and security type unknown (no security master)
CETX,CLOSE_100,2025-12-08,2025-12-05,30.700000000000000614000000,3.07000000,81.300000000000001626000000,97.000000000000001940000000,48.400000000000000968000000,70.500000000000001410000000,7.05000000,10.0000000000000002,10.0000000000000002,2.2964,,70.500000,adjusted,35950.5,adjusted,20,,False,,CETX,,,False,False,False,PENDING,exchange and security type unknown (no security master)
GPCR,CLOSE_100,2025-12-08,2025-12-05,34.560000000,34.56000000,45.330000000,94.900000000,44.740000000,69.980000000,69.98000000,1.0,1.0,2.0249,,69.980000,adjusted,1282801.4,adjusted,20,,False,,GPCR,,,False,False,False,PENDING,exchange and security type unknown (no security master)
ORKT,CLOSE_100,2025-12-08,2025-12-05,0.940910000,0.94091000,0.941100000,2.490000000,0.933400000,2.330000000,2.33000000,1.0,1.0,2.4763,,2.330000,adjusted,22218.6,adjusted,20,,False,,ORKT,,,False,False,False,PENDING,exchange and security type unknown (no security master)
WBUY,CLOSE_100,2025-12-08,2025-12-05,1.970000000,1.97000000,2.010000000,4.960000000,2.010000000,4.060000000,4.06000000,1.0,1.0,2.0609,,4.060000,adjusted,1325792.9,adjusted,20,,False,,WBUY,,,False,False,False,PENDING,exchange and security type unknown (no security master)
WVE,CLOSE_100,2025-12-08,2025-12-05,7.490000000,7.49000000,12.830000000,19.600000000,12.720000000,18.520000000,18.52000000,1.0,1.0,2.4726,,18.520000,adjusted,2440610.7,adjusted,20,,False,,WVE,,,False,False,False,PENDING,exchange and security type unknown (no security master)
NCPL,CLOSE_100,2025-12-09,2025-12-08,0.658900000,0.65890000,1.040000000,1.940000000,1.030000000,1.400000000,1.40000000,1.0,1.0,2.1248,,1.400000,adjusted,1075010.2,adjusted,20,,False,,NCPL,,,False,False,False,PENDING,exchange and security type unknown (no security master)
ARBK,CLOSE_100,2025-12-12,2025-12-11,0.141990000,0.14199000,27.710000000,28.640000000,6.240000000,6.870000000,6.87000000,1.0,1.0,48.3837,,6.870000,adjusted,2894853.6,adjusted,20,2025-12-12:1.00000000-for-216.00000000,False,,ARBK,,,False,False,True,PENDING,exchange and security type unknown (no security master); split recorded within ±5 days but gold not adjusted: jump may be the split
MSOX,CLOSE_100,2025-12-12,2025-12-11,3.820000000,3.82000000,6.500000000,8.250000000,5.720000000,7.940000000,7.94000000,1.0,1.0,2.0785,,7.940000,adjusted,1192191.1,adjusted,20,,False,,MSOX,,,False,False,False,PENDING,exchange and security type unknown (no security master)
RADX,CLOSE_100,2025-12-15,2025-12-12,4.260000000,4.26000000,13.910000000,16.250000000,8.910000000,10.630000000,10.63000000,1.0,1.0,2.4953,,10.630000,adjusted,17112.2,adjusted,20,,False,,RADX,,,False,False,False,PENDING,exchange and security type unknown (no security master)
AMCI,CLOSE_100,2025-12-16,2025-12-15,7.270000000,7.27000000,11.980000000,15.090000000,11.050000000,14.650000000,14.65000000,1.0,1.0,2.0151,,14.650000,adjusted,10942691.6,adjusted,11,,False,,AMCI,,,False,False,False,PENDING,exchange and security type unknown (no security master)
MGRT,CLOSE_100,2025-12-17,2025-12-16,5.350000000,5.35000000,4.610000000,14.500000000,4.430000000,13.050000000,13.05000000,1.0,1.0,2.4393,,13.050000,adjusted,33541.9,adjusted,20,,False,,MGRT,,,False,False,False,PENDING,exchange and security type unknown (no security master)
PCSA,CLOSE_100,2025-12-17,2025-12-16,0.120400000,0.12040000,3.350000000,8.880000000,3.280000000,6.680000000,6.68000000,1.0,1.0,55.4817,,6.680000,adjusted,2039243.8,adjusted,20,2025-12-17:1.00000000-for-25.00000000,False,,PCSA,,,False,False,True,PENDING,exchange and security type unknown (no security master); split recorded within ±5 days but gold not adjusted: jump may be the split
AFJK,CLOSE_100,2025-12-18,2025-12-17,26.010000000,26.01000000,25.770000000,82.000000000,22.030000000,52.230000000,52.23000000,1.0,1.0,2.0081,,52.230000,adjusted,390284.4,adjusted,20,,False,,AFJK,,,False,False,False,PENDING,exchange and security type unknown (no security master)
BNAI,CLOSE_100,2025-12-29,2025-12-26,1.200000000,1.20000000,1.780000000,2.910000000,1.770000000,2.510000000,2.51000000,1.0,1.0,2.0917,,2.510000,adjusted,186565.0,adjusted,20,,False,,BNAI,,,False,False,False,PENDING,exchange and security type unknown (no security master)
ASRT,CLOSE_100,2025-12-30,2025-12-29,0.953000000,0.95300000,9.520000000,9.520000000,8.860000000,9.200000000,9.20000000,1.0,1.0,9.6537,,9.200000,adjusted,37599.1,adjusted,20,2025-12-26:1.00000000-for-15.00000000,False,,ASRT,,,False,False,True,PENDING,exchange and security type unknown (no security master); split recorded within ±5 days but gold not adjusted: jump may be the split
INBS,CLOSE_100,2025-12-31,2025-12-30,4.100000000,4.10000000,5.750000000,12.940000000,5.620000000,9.530000000,9.53000000,1.0,1.0,2.3244,,9.530000,adjusted,46708.9,adjusted,20,,False,,INBS,,,False,False,False,PENDING,exchange and security type unknown (no security master)
LVRO,CLOSE_100,2026-01-02,2025-12-31,0.450000000,0.45000000,0.583700000,1.490000000,0.524300000,1.100000000,1.10000000,1.0,1.0,2.4444,,1.100000,adjusted,17290.0,adjusted,20,,False,,LVRO,,,False,False,False,PENDING,exchange and security type unknown (no security master)
TMDE,CLOSE_100,2026-01-05,2026-01-02,0.443000000,0.44300000,0.780000000,1.390000000,0.510000000,1.060000000,1.06000000,1.0,1.0,2.3928,,1.060000,adjusted,29039.1,adjusted,20,,False,,TMDE,,,False,False,False,PENDING,exchange and security type unknown (no security master)
ICON,CLOSE_100,2026-01-07,2026-01-06,0.666000000,0.66600000,3.350000000,3.350000000,2.700000000,2.700000000,2.70000000,1.0,1.0,4.0541,,2.700000,adjusted,121362.0,adjusted,20,2026-01-08:1.00000000-for-5.00000000,False,,ICON,,,False,False,True,PENDING,exchange and security type unknown (no security master); split recorded within ±5 days but gold not adjusted: jump may be the split
CGTL,CLOSE_100,2026-01-08,2026-01-07,17.400000000000000580000000,1.16000000,20.550000000000000685000000,41.550000000000001385000000,18.900000000000000630000000,37.950000000000001265000000,2.53000000,15.0000000000000005,15.0000000000000005,2.1810,,37.950000,adjusted,108088.8,adjusted,20,,False,,CGTL,,,False,False,False,PENDING,exchange and security type unknown (no security master)
FLYX,CLOSE_100,2026-01-08,2026-01-07,3.140000000,3.14000000,6.080000000,8.880000000,5.730000000,7.230000000,7.23000000,1.0,1.0,2.3025,,7.230000,adjusted,20131.9,adjusted,20,,False,,FLYX,,,False,False,False,PENDING,exchange and security type unknown (no security master)
NBY,CLOSE_100,2026-01-09,2026-01-08,47.300000000000000946000000,9.46000000,49.350000000000000987000000,99.750000000000001995000000,48.450000000000000969000000,95.800000000000001916000000,19.16000000,5.0000000000000001,5.0000000000000001,2.0254,,95.800000,adjusted,533537.8,adjusted,20,,False,,NBY,,,False,False,False,PENDING,exchange and security type unknown (no security master)
AHMA,CLOSE_100,2026-01-13,2026-01-12,5.280000000,5.28000000,11.370000000,13.830000000,8.820000000,12.340000000,12.34000000,1.0,1.0,2.3371,,12.340000,adjusted,131424.0,adjusted,20,,False,,AHMA,,,False,False,False,PENDING,exchange and security type unknown (no security master)
THH,CLOSE_100,2026-01-13,2026-01-12,231.000000000000004620000000,23.10000000,337.200000000000006744000000,550.500000000000011010000000,271.500000000000005430000000,550.500000000000011010000000,55.05000000,10.0000000000000002,10.0000000000000002,2.3831,,550.500000,adjusted,17222.5,adjusted,20,,False,,THH,,,False,False,False,PENDING,exchange and security type unknown (no security master)
ASBP,CLOSE_100,2026-01-15,2026-01-14,1.770000000000000041300000,0.05900000,67.200000000000001568000000,68.400000000000001596000000,55.200000000000001288000000,62.400000000000001456000000,2.08000000,30.0000000000000007,30.0000000000000007,35.2542,,62.400000,adjusted,1586326.0,adjusted,20,2026-01-16:1.00000000-for-40.00000000,False,,ASBP,,,False,False,True,PENDING,exchange and security type unknown (no security master); split recorded within ±5 days but gold not adjusted: jump may be the split
MLEC,CLOSE_100,2026-01-15,2026-01-14,3.530000000,3.53000000,3.620000000,12.960000000,3.530000000,7.700000000,7.70000000,1.0,1.0,2.1813,,7.700000,adjusted,98300.1,adjusted,20,,False,,MLEC,,,False,False,False,PENDING,exchange and security type unknown (no security master)
JFBR,CLOSE_100,2026-01-16,2026-01-15,7.810039999999999888428000,0.55786000,17.219999999999999754000000,27.439999999999999608000000,15.399999999999999780000000,18.059999999999999742000000,1.29000000,13.9999999999999998,13.9999999999999998,2.3124,,18.060000,adjusted,71279.2,adjusted,20,,False,,JFBR,,,False,False,False,PENDING,exchange and security type unknown (no security master)
NAMM,CLOSE_100,2026-01-21,2026-01-20,0.980000000,0.98000000,1.000000000,2.830000000,1.000000000,2.260000000,2.26000000,1.0,1.0,2.3061,,2.260000,adjusted,189097.7,adjusted,20,,False,,NAMM,,,False,False,False,PENDING,exchange and security type unknown (no security master)
BGL,CLOSE_100,2026-01-22,2026-01-21,2.090000000,2.09000000,2.120000000,4.500000000,2.080000000,4.260000000,4.26000000,1.0,1.0,2.0383,,4.260000,adjusted,268990.0,adjusted,20,,False,,BGL,,,False,False,False,PENDING,exchange and security type unknown (no security master)
SXTP,CLOSE_100,2026-01-22,2026-01-21,2.000000000,2.00000000,5.990000000,8.620000000,4.400000000,5.040000000,5.04000000,1.0,1.0,2.5200,,5.040000,adjusted,181140.6,adjusted,20,2026-01-20:1.00000000-for-4.00000000,False,,SXTP,,,False,False,True,PENDING,exchange and security type unknown (no security master); split recorded within ±5 days but gold not adjusted: jump may be the split
MOVE,CLOSE_100,2026-01-23,2026-01-22,6.970000000,6.97000000,20.140000000,23.900000000,15.010000000,16.740000000,16.74000000,1.0,1.0,2.4017,,16.740000,adjusted,394712.1,adjusted,20,,False,,MOVE,,,False,False,False,PENDING,exchange and security type unknown (no security master)
CHEK,CLOSE_100,2026-01-26,2026-01-23,1.490000000,1.49000000,1.630000000,3.920000000,1.570000000,3.160000000,3.16000000,1.0,1.0,2.1208,,3.160000,adjusted,69715.9,adjusted,20,,False,,CHEK,,,False,False,False,PENDING,exchange and security type unknown (no security master)
SLGB,CLOSE_100,2026-01-26,2026-01-23,1.220000000,1.22000000,1.300000000,3.200000000,1.300000000,2.480000000,2.48000000,1.0,1.0,2.0328,,2.480000,adjusted,4611242.9,adjusted,20,,False,,SLGB,,,False,False,False,PENDING,exchange and security type unknown (no security master)
GITS,CLOSE_100,2026-01-27,2026-01-26,1.910000000,1.91000000,1.950000000,7.090000000,1.950000000,4.170000000,4.17000000,1.0,1.0,2.1832,,4.170000,adjusted,4142773.3,adjusted,20,,False,,GITS,,,False,False,False,PENDING,exchange and security type unknown (no security master)
XTKG,CLOSE_100,2026-01-27,2026-01-26,8.010000000000000186900000,0.26700000,20.700000000000000483000000,21.540000000000000502600000,12.600000000000000294000000,18.030000000000000420700000,0.60100000,30.0000000000000007,30.0000000000000007,2.2509,,18.030000,adjusted,1079917.7,adjusted,20,,False,,XTKG,,,False,False,False,PENDING,exchange and security type unknown (no security master)
FEED,CLOSE_100,2026-01-28,2026-01-27,12.599999999999999895000000,1.05000000,21.599999999999999820000000,36.599999999999999695000000,17.759999999999999852000000,27.599999999999999770000000,2.30000000,11.9999999999999999,11.9999999999999999,2.1905,,27.600000,adjusted,168681.0,adjusted,20,,False,,FEED,,,False,False,False,PENDING,exchange and security type unknown (no security master)
NAOV,CLOSE_100,2026-01-28,2026-01-27,1.050000000,1.05000000,1.790000000,3.050000000,1.480000000,2.300000000,2.30000000,1.0,1.0,2.1905,,2.300000,adjusted,2024166.1,adjusted,20,,False,,NAOV,,,False,False,False,PENDING,exchange and security type unknown (no security master)
TCGL,CLOSE_100,2026-01-30,2026-01-29,86.360000000,86.36000000,200.000000000,355.000000000,161.130000000,172.840000000,172.84000000,1.0,1.0,2.0014,,172.840000,adjusted,1836702.3,adjusted,20,,False,,TCGL,,,False,False,False,PENDING,exchange and security type unknown (no security master)
AREB,CLOSE_100,2026-02-02,2026-01-30,0.277500000,0.27750000,3.060000000,3.060000000,1.910000000,1.960000000,1.96000000,1.0,1.0,7.0631,,1.960000,adjusted,7973800.0,adjusted,20,2026-02-02:1.00000000-for-20.00000000,False,,AREB,,,False,False,True,PENDING,exchange and security type unknown (no security master); split recorded within ±5 days but gold not adjusted: jump may be the split
BRLS,CLOSE_100,2026-02-09,2026-02-06,0.653000000,0.65300000,0.800000000,1.870000000,0.680000000,1.530000000,1.53000000,1.0,1.0,2.3430,,1.530000,adjusted,108866.4,adjusted,20,,False,,BRLS,,,False,False,False,PENDING,exchange and security type unknown (no security master)
CCHH,CLOSE_100,2026-02-09,2026-02-06,5.740000000000000114800000,0.57400000,7.350000000000000147000000,14.500000000000000290000000,7.010000000000000140200000,13.500000000000000270000000,1.35000000,10.0000000000000002,10.0000000000000002,2.3519,,13.500000,adjusted,1126017.5,adjusted,20,,False,,CCHH,,,False,False,False,PENDING,exchange and security type unknown (no security master)
QVCGP,CLOSE_100,2026-02-11,2026-02-10,2.400000000,2.40000000,2.410000000,8.140000000,2.290000000,5.600000000,5.60000000,1.0,1.0,2.3333,,5.600000,adjusted,63172.6,adjusted,20,,False,,QVCGP,,,False,False,False,PENDING,exchange and security type unknown (no security master)
ALBT,CLOSE_100,2026-02-26,2026-02-25,0.508200000,0.50820000,1.200000000,1.270000000,0.851000000,1.090000000,1.09000000,1.0,1.0,2.1448,,1.090000,adjusted,216250.6,adjusted,20,,False,,ALBT,,,False,False,False,PENDING,exchange and security type unknown (no security master)
STAK,CLOSE_100,2026-03-02,2026-02-27,0.425000000,0.42500000,0.503900000,1.150000000,0.461000000,1.060000000,1.06000000,1.0,1.0,2.4941,,1.060000,adjusted,41006.9,adjusted,20,,False,,STAK,,,False,False,False,PENDING,exchange and security type unknown (no security master)
TURB,CLOSE_100,2026-03-02,2026-02-27,0.675000000,0.67500000,1.140000000,1.680000000,0.993000000,1.370000000,1.37000000,1.0,1.0,2.0296,,1.370000,adjusted,165825.0,adjusted,20,,False,,TURB,,,False,False,False,PENDING,exchange and security type unknown (no security master)
TURB,CLOSE_100,2026-03-03,2026-03-02,1.370000000,1.37000000,1.300000000,3.230000000,1.260000000,2.880000000,2.88000000,1.0,1.0,2.1022,,2.880000,adjusted,5794285.0,adjusted,20,,False,,TURB,,,False,False,False,PENDING,exchange and security type unknown (no security master)
AIFF,CLOSE_100,2026-03-04,2026-03-03,0.685000000,0.68500000,1.220000000,1.890000000,0.980000000,1.550000000,1.55000000,1.0,1.0,2.2628,,1.550000,adjusted,67187.5,adjusted,20,,False,,AIFF,,,False,False,False,PENDING,exchange and security type unknown (no security master)
AZI,CLOSE_100,2026-03-09,2026-03-06,2.640000000000000052800000,0.26400000,5.500000000000000110000000,8.900000000000000178000000,5.080000000000000101600000,6.500000000000000130000000,0.65000000,10.0000000000000002,10.0000000000000002,2.4621,,6.500000,adjusted,499790.3,adjusted,20,,False,,AZI,,,False,False,False,PENDING,exchange and security type unknown (no security master)
ACXP,CLOSE_100,2026-03-11,2026-03-10,2.900000000,2.90000000,3.480000000,6.300000000,3.300000000,6.030000000,6.03000000,1.0,1.0,2.0793,,6.030000,adjusted,2144944.5,adjusted,20,,False,,ACXP,,,False,False,False,PENDING,exchange and security type unknown (no security master)
SFES,CLOSE_100,2026-03-13,2026-03-12,0.640000000,0.64000000,0.685900000,1.490000000,0.685900000,1.370000000,1.37000000,1.0,1.0,2.1406,,1.370000,adjusted,30514.9,adjusted,20,,False,,SFES,,,False,False,False,PENDING,exchange and security type unknown (no security master)
IRE,CLOSE_100,2026-03-20,2026-03-19,5.070000000,5.07000000,20.190000000,21.140000000,17.660000000,19.940000000,19.94000000,1.0,1.0,3.9329,,19.940000,adjusted,6118853.8,adjusted,20,2026-03-19:1.00000000-for-4.00000000,False,,IRE,,,False,False,True,PENDING,exchange and security type unknown (no security master); split recorded within ±5 days but gold not adjusted: jump may be the split
VIVK,CLOSE_100,2026-03-24,2026-03-23,0.015900000,0.01590000,1.250000000,2.000000000,1.170000000,1.460000000,1.46000000,1.0,1.0,91.8239,,1.460000,adjusted,6001400.0,adjusted,20,2026-03-24:1.00000000-for-200.00000000,False,,VIVK,,,False,False,True,PENDING,exchange and security type unknown (no security master); split recorded within ±5 days but gold not adjusted: jump may be the split
FCHL,CLOSE_100,2026-03-26,2026-03-25,51.300000000000001197000000,1.71000000,91.200000000000002128000000,130.500000000000003045000000,81.300000000000001897000000,106.500000000000002485000000,3.55000000,30.0000000000000007,30.0000000000000007,2.0760,,106.500000,adjusted,40753.7,adjusted,20,2026-03-23:1.00000000-for-15.00000000,False,,FCHL,,,False,False,False,PENDING,exchange and security type unknown (no security master)
SST,CLOSE_100,2026-03-27,2026-03-26,1.370000000,1.37000000,1.410000000,4.750000000,1.410000000,3.320000000,3.32000000,1.0,1.0,2.4234,,3.320000,adjusted,39036.5,adjusted,20,,False,,SST,,,False,False,False,PENDING,exchange and security type unknown (no security master)
BFRG,CLOSE_100,2026-03-30,2026-03-27,0.508300000,0.50830000,1.050000000,1.550000000,0.965100000,1.050000000,1.05000000,1.0,1.0,2.0657,,1.050000,adjusted,149276.8,adjusted,20,,False,,BFRG,,,False,False,False,PENDING,exchange and security type unknown (no security master)
ELAB,CLOSE_100,2026-03-30,2026-03-27,16.700000000000000334000000,1.67000000,40.600000000000000812000000,48.800000000000000976000000,30.100000000000000602000000,35.600000000000000712000000,3.56000000,10.0000000000000002,10.0000000000000002,2.1317,,35.600000,adjusted,514139.5,adjusted,20,,False,,ELAB,,,False,False,False,PENDING,exchange and security type unknown (no security master)
APLS,CLOSE_100,2026-03-31,2026-03-30,17.090000000,17.09000000,40.400000000,40.450000000,40.220000000,40.230000000,40.23000000,1.0,1.0,2.3540,,40.230000,adjusted,2336678.8,adjusted,20,,False,,APLS,,,False,False,False,PENDING,exchange and security type unknown (no security master)
AGPU,CLOSE_100,2026-04-01,2026-03-31,1.620000000,1.62000000,1.850000000,4.170000000,1.790000000,3.560000000,3.56000000,1.0,1.0,2.1975,,3.560000,adjusted,40789.9,adjusted,20,,False,,AGPU,,,False,False,False,PENDING,exchange and security type unknown (no security master)
ELAB,CLOSE_100,2026-04-01,2026-03-31,59.900000000000001198000000,5.99000000,70.000000000000001400000000,140.000000000000002800000000,65.600000000000001312000000,140.000000000000002800000000,14.00000000,10.0000000000000002,10.0000000000000002,2.3372,,140.000000,adjusted,1406167.7,adjusted,20,,False,,ELAB,,,False,False,False,PENDING,exchange and security type unknown (no security master)
POAI,CLOSE_100,2026-04-01,2026-03-31,1.620000000,1.62000000,1.850000000,4.170000000,1.790000000,3.560000000,3.56000000,1.0,1.0,2.1975,,3.560000,adjusted,40784.0,adjusted,20,,False,,POAI,,,False,False,False,PENDING,exchange and security type unknown (no security master)
SKYQ,CLOSE_100,2026-04-02,2026-04-01,2.530000000,2.53000000,5.570000000,5.890000000,3.750000000,5.100000000,5.10000000,1.0,1.0,2.0158,,5.100000,adjusted,1777304.6,adjusted,20,,False,,SKYQ,,,False,False,False,PENDING,exchange and security type unknown (no security master)
HTCR,CLOSE_100,2026-04-06,2026-04-02,0.170000000,0.17000000,3.720000000,3.970000000,3.550000000,3.890000000,3.89000000,1.0,1.0,22.8824,,3.890000,adjusted,341769.0,adjusted,20,2026-04-06:1.00000000-for-20.00000000,False,,HTCR,,,False,False,True,PENDING,exchange and security type unknown (no security master); split recorded within ±5 days but gold not adjusted: jump may be the split
HCAI,CLOSE_100,2026-04-07,2026-04-06,4.400100000000000102669000,0.14667000,13.419900000000000313131000,16.320000000000000380800000,9.920100000000000231469000,10.670100000000000248969000,0.35567000,30.0000000000000007,30.0000000000000007,2.4250,,10.670100,adjusted,38665.8,adjusted,20,,False,,HCAI,,,False,False,False,PENDING,exchange and security type unknown (no security master)
DKI,CLOSE_100,2026-04-09,2026-04-08,6.350079999999999761872000,0.39688000,7.319999999999999725500000,19.359999999999999274000000,6.930079999999999740122000,15.410079999999999422122000,0.96313000,15.9999999999999994,15.9999999999999994,2.4268,,15.410080,adjusted,79062.9,adjusted,20,,False,,DKI,,,False,False,False,PENDING,exchange and security type unknown (no security master)
FUSE,CLOSE_100,2026-04-10,2026-04-09,0.850000000,0.85000000,1.000000000,2.010000000,0.980000000,1.830000000,1.83000000,1.0,1.0,2.1529,,1.830000,adjusted,90792.2,adjusted,20,,False,,FUSE,,,False,False,False,PENDING,exchange and security type unknown (no security master)
RAYA,CLOSE_100,2026-04-10,2026-04-09,4.570000000000000091400000,0.45700000,8.790000000000000175800000,11.000000000000000220000000,7.090000000000000141800000,9.510000000000000190200000,0.95100000,10.0000000000000002,10.0000000000000002,2.0810,,9.510000,adjusted,231338.8,adjusted,20,,False,,RAYA,,,False,False,False,PENDING,exchange and security type unknown (no security master)
MIMI,CLOSE_100,2026-04-14,2026-04-13,2.620000000000000052400000,0.26200000,2.580000000000000051600000,7.340000000000000146800000,2.580000000000000051600000,5.350000000000000107000000,0.53500000,10.0000000000000002,10.0000000000000002,2.0420,,5.350000,adjusted,60964.7,adjusted,20,,False,,MIMI,,,False,False,False,PENDING,exchange and security type unknown (no security master)
MYSE,CLOSE_100,2026-04-16,2026-04-15,1.440000000,1.44000000,5.520000000,5.770000000,2.960000000,3.300000000,3.30000000,1.0,1.0,2.2917,,3.300000,adjusted,1945132.8,adjusted,20,,False,,MYSE,,,False,False,False,PENDING,exchange and security type unknown (no security master)
PBM,CLOSE_100,2026-04-16,2026-04-15,2.880000000,2.88000000,2.810000000,9.970000000,2.730000000,5.870000000,5.87000000,1.0,1.0,2.0382,,5.870000,adjusted,19806.7,adjusted,20,,False,,PBM,,,False,False,False,PENDING,exchange and security type unknown (no security master)
ENVB,CLOSE_100,2026-04-20,2026-04-17,1.820000000,1.82000000,4.200000000,5.430000000,3.500000000,3.650000000,3.65000000,1.0,1.0,2.0055,,3.650000,adjusted,652624.8,adjusted,20,,False,,ENVB,,,False,False,False,PENDING,exchange and security type unknown (no security master)
HCAI,CLOSE_100,2026-04-30,2026-04-29,5.470000000,5.47000000,11.070000000,14.450000000,9.750000000,10.950000000,10.95000000,1.0,1.0,2.0018,,10.950000,adjusted,1254996.2,adjusted,20,,False,,HCAI,,,False,False,False,PENDING,exchange and security type unknown (no security master)
AIOS,CLOSE_100,2026-05-01,2026-04-30,9.320000000,9.32000000,12.140000000,33.870000000,10.640000000,22.000000000,22.00000000,1.0,1.0,2.3605,,22.000000,adjusted,11436.2,adjusted,20,2026-04-27:1.00000000-for-20.00000000,False,NISN,AIOS,,,False,False,False,PENDING,exchange and security type unknown (no security master); same bars as NISN on this day: listed ticker unknown
CUE,CLOSE_100,2026-05-01,2026-04-30,14.740000000,14.74000000,33.750000000,38.000000000,25.950000000,30.420000000,30.42000000,1.0,1.0,2.0638,,30.420000,adjusted,1049302.9,adjusted,20,,False,,CUE,,,False,False,False,PENDING,exchange and security type unknown (no security master)
NISN,CLOSE_100,2026-05-01,2026-04-30,9.320000000,9.32000000,12.140000000,33.870000000,10.640000000,22.000000000,22.00000000,1.0,1.0,2.3605,,22.000000,adjusted,133191.3,adjusted,20,,False,AIOS,NISN,,,False,False,False,PENDING,exchange and security type unknown (no security master); same bars as AIOS on this day: listed ticker unknown
AGL,CLOSE_100,2026-05-07,2026-05-06,27.850000000,27.85000000,43.590000000,63.870000000,41.760000000,60.660000000,60.66000000,1.0,1.0,2.1781,,60.660000,adjusted,388130.6,adjusted,20,,False,,AGL,,,False,False,False,PENDING,exchange and security type unknown (no security master)
AEHL,CLOSE_100,2026-05-08,2026-05-07,8.158399999999999694060000,0.50990000,15.835199999999999406180000,45.439999999999998296000000,8.887999999999999666700000,19.199999999999999280000000,1.20000000,15.9999999999999994,15.9999999999999994,2.3534,,19.200000,adjusted,16068.1,adjusted,20,,False,,AEHL,,,False,False,False,PENDING,exchange and security type unknown (no security master)
BWEN,CLOSE_100,2026-05-12,2026-05-11,2.030000000,2.03000000,2.380000000,4.600000000,2.230000000,4.410000000,4.41000000,1.0,1.0,2.1724,,4.410000,adjusted,238728.1,adjusted,20,,False,,BWEN,,,False,False,False,PENDING,exchange and security type unknown (no security master)
AIIO,CLOSE_100,2026-05-13,2026-05-12,1.280000000,1.28000000,1.450000000,2.790000000,1.400000000,2.610000000,2.61000000,1.0,1.0,2.0391,,2.610000,adjusted,16396645.9,adjusted,20,,False,,AIIO,,,False,False,False,PENDING,exchange and security type unknown (no security master)
AIIO,CLOSE_100,2026-05-14,2026-05-13,2.610000000,2.61000000,4.390000000,9.200000000,3.260000000,5.640000000,5.64000000,1.0,1.0,2.1609,,5.640000,adjusted,20553065.9,adjusted,20,,False,,AIIO,,,False,False,False,PENDING,exchange and security type unknown (no security master)
DXF,CLOSE_100,2026-05-14,2026-05-13,0.760200000,0.76020000,1.270000000,1.990000000,1.150000000,1.750000000,1.75000000,1.0,1.0,2.3020,,1.750000,adjusted,7493643.6,adjusted,20,,False,,DXF,,,False,False,False,PENDING,exchange and security type unknown (no security master)
LESL,CLOSE_100,2026-05-14,2026-05-13,1.430000000,1.43000000,1.840000000,4.750000000,1.670000000,3.500000000,3.50000000,1.0,1.0,2.4476,,3.500000,adjusted,192049.9,adjusted,20,,False,,LESL,,,False,False,False,PENDING,exchange and security type unknown (no security master)
MYNZ,CLOSE_100,2026-05-14,2026-05-13,1.340000000,1.34000000,1.900000000,3.970000000,1.630000000,3.000000000,3.00000000,1.0,1.0,2.2388,,3.000000,adjusted,27641379.8,adjusted,20,,False,,MYNZ,,,False,False,False,PENDING,exchange and security type unknown (no security master)
QUCY,CLOSE_100,2026-05-14,2026-05-13,1.340000000,1.34000000,1.900000000,3.970000000,1.630000000,3.000000000,3.00000000,1.0,1.0,2.2388,,3.000000,adjusted,27705726.6,adjusted,20,,False,,QUCY,,,False,False,False,PENDING,exchange and security type unknown (no security master)
SNAL,CLOSE_100,2026-05-14,2026-05-13,2.510000000000000050200000,0.50200000,7.000000000000000140000000,8.350000000000000167000000,5.250000000000000105000000,5.400000000000000108000000,1.08000000,5.0000000000000001,5.0000000000000001,2.1514,,5.400000,adjusted,947698.7,adjusted,20,,False,,SNAL,,,False,False,False,PENDING,exchange and security type unknown (no security master)
WGRX,CLOSE_100,2026-05-18,2026-05-15,4.180000000000000175560000,0.08360000,4.450000000000000186900000,10.970000000000000460740000,4.320000000000000181440000,8.700000000000000365400000,0.17400000,50.0000000000000021,50.0000000000000021,2.0813,,8.700000,adjusted,248956.3,adjusted,20,,False,MEDS,WGRX,,,False,False,False,PENDING,exchange and security type unknown (no security master); same bars as MEDS on this day: listed ticker unknown
AMST,CLOSE_100,2026-05-19,2026-05-18,0.786100000,0.78610000,2.420000000,2.670000000,1.650000000,1.730000000,1.73000000,1.0,1.0,2.2007,,1.730000,adjusted,2035190.2,adjusted,20,,False,,AMST,,,False,False,False,PENDING,exchange and security type unknown (no security master)
CNEY,CLOSE_100,2026-05-19,2026-05-18,0.732600000,0.73260000,0.700000000,1.670000000,0.680000000,1.610000000,1.61000000,1.0,1.0,2.1977,,1.610000,adjusted,357699.2,adjusted,20,,False,,CNEY,,,False,False,False,PENDING,exchange and security type unknown (no security master)
INM,CLOSE_100,2026-05-19,2026-05-18,0.680700000,0.68070000,1.790000000,1.800000000,1.310000000,1.600000000,1.60000000,1.0,1.0,2.3505,,1.600000,adjusted,23236.1,adjusted,20,,False,,INM,,,False,False,False,PENDING,exchange and security type unknown (no security master)
NXXT,CLOSE_100,2026-05-19,2026-05-18,4.100000000000000082000000,0.41000000,4.099000000000000081980000,10.900000000000000218000000,3.900000000000000078000000,8.201000000000000164020000,0.82010000,10.0000000000000002,10.0000000000000002,2.0002,,8.201000,adjusted,1459277.8,adjusted,20,,False,,NXXT,,,False,False,False,PENDING,exchange and security type unknown (no security master)
HCWB,CLOSE_100,2026-05-20,2026-05-19,6.360000000000000000000000,1.06000000,6.240000000000000000000000,23.940000000000000000000000,6.180000000000000000000000,14.580000000000000000000000,2.43000000,6.0000000000000000,6.0000000000000000,2.2925,,14.580000,adjusted,4299487.6,adjusted,20,,False,,HCWB,,,False,False,False,PENDING,exchange and security type unknown (no security master)
BIYA,CLOSE_100,2026-05-22,2026-05-21,6.180000000000000123600000,0.61800000,11.300000000000000226000000,14.600000000000000292000000,10.200000000000000204000000,13.000000000000000260000000,1.30000000,10.0000000000000002,10.0000000000000002,2.1036,,13.000000,adjusted,1658936.3,adjusted,20,,False,,BIYA,,,False,False,False,PENDING,exchange and security type unknown (no security master)
AIMD,CLOSE_100,2026-05-26,2026-05-22,1.530000000,1.53000000,1.530000000,3.880000000,1.470000000,3.160000000,3.16000000,1.0,1.0,2.0654,,3.160000,adjusted,35035.4,adjusted,20,,False,,AIMD,,,False,False,False,PENDING,exchange and security type unknown (no security master)
IINN,CLOSE_100,2026-05-26,2026-05-22,0.727000000,0.72700000,1.560000000,1.590000000,1.110000000,1.520000000,1.52000000,1.0,1.0,2.0908,,1.520000,adjusted,41078040.6,adjusted,20,,False,QTEX,IINN,,,False,False,False,PENDING,exchange and security type unknown (no security master); same bars as QTEX on this day: listed ticker unknown
MNTS,CLOSE_100,2026-05-26,2026-05-22,7.380000000,7.38000000,12.960000000,16.280000000,11.860000000,15.480000000,15.48000000,1.0,1.0,2.0976,,15.480000,adjusted,2439200.6,adjusted,20,,False,,MNTS,,,False,False,False,PENDING,exchange and security type unknown (no security master)
QTEX,CLOSE_100,2026-05-26,2026-05-22,0.727000000,0.72700000,1.560000000,1.590000000,1.110000000,1.520000000,1.52000000,1.0,1.0,2.0908,,1.520000,adjusted,41078002.5,adjusted,20,,False,IINN,QTEX,,,False,False,False,PENDING,exchange and security type unknown (no security master); same bars as IINN on this day: listed ticker unknown
VCIG,CLOSE_100,2026-05-26,2026-05-22,19.950000000000000665000000,1.33000000,24.900000000000000830000000,47.100000000000001570000000,20.700000000000000690000000,43.500000000000001450000000,2.90000000,15.0000000000000005,15.0000000000000005,2.1805,,43.500000,adjusted,114370.8,adjusted,20,,False,,VCIG,,,False,False,False,PENDING,exchange and security type unknown (no security master)
NTCL,CLOSE_100,2026-05-27,2026-05-26,13.210000000000000554820000,0.26420000,13.230000000000000555660000,33.580000000000001410360000,13.060000000000000548520000,27.750000000000001165500000,0.55500000,50.0000000000000021,50.0000000000000021,2.1007,,27.750000,adjusted,38285.9,adjusted,20,,False,,NTCL,,,False,False,False,PENDING,exchange and security type unknown (no security master)
ASTC,CLOSE_100,2026-05-28,2026-05-27,13.810000000,13.81000000,21.690000000,35.800000000,16.680000000,29.430000000,29.43000000,1.0,1.0,2.1311,,29.430000,adjusted,7352026.1,adjusted,20,,False,,ASTC,,,False,False,False,PENDING,exchange and security type unknown (no security master)
ATPC,CLOSE_100,2026-05-28,2026-05-27,2.850000000,2.85000000,5.770000000,8.500000000,5.520000000,6.070000000,6.07000000,1.0,1.0,2.1298,,6.070000,adjusted,3168641.3,adjusted,20,,False,,ATPC,,,False,False,False,PENDING,exchange and security type unknown (no security master)
SPRC,CLOSE_100,2026-05-28,2026-05-27,4.390000000,4.39000000,13.250000000,15.650000000,10.100000000,10.550000000,10.55000000,1.0,1.0,2.4032,,10.550000,adjusted,22330.7,adjusted,20,,False,,SPRC,,,False,False,False,PENDING,exchange and security type unknown (no security master)
PRFX,CLOSE_100,2026-05-29,2026-05-28,1.370000000,1.37000000,4.740000000,5.390000000,2.360000000,3.000000000,3.00000000,1.0,1.0,2.1898,,3.000000,adjusted,1137381.2,adjusted,20,,False,,PRFX,,,False,False,False,PENDING,exchange and security type unknown (no security master)
ABTS,CLOSE_100,2026-06-01,2026-05-29,0.991700000,0.99170000,1.580000000,3.230000000,1.420000000,2.140000000,2.14000000,1.0,1.0,2.1579,,2.140000,adjusted,159986.9,adjusted,20,,False,,ABTS,,,False,False,False,PENDING,exchange and security type unknown (no security master)
ANY,CLOSE_100,2026-06-01,2026-05-29,1.900000000,1.90000000,3.170000000,4.830000000,2.860000000,4.020000000,4.02000000,1.0,1.0,2.1158,,4.020000,adjusted,230935.1,adjusted,20,,False,,ANY,,,False,False,False,PENDING,exchange and security type unknown (no security master)
HKIT,CLOSE_100,2026-06-01,2026-05-29,36.499999999999998248000000,1.46000000,79.999999999999996160000000,219.999999999999989440000000,75.249999999999996388000000,164.499999999999992104000000,6.58000000,24.9999999999999988,24.9999999999999988,4.5068,,164.500000,adjusted,17423.4,adjusted,20,2026-05-29:1.00000000-for-3.00000000,False,,HKIT,,,False,False,True,PENDING,exchange and security type unknown (no security master); split recorded within ±5 days but gold not adjusted: jump may be the split
BJDX,CLOSE_100,2026-06-02,2026-06-01,2.170000000,2.17000000,6.120000000,7.000000000,3.710000000,4.340000000,4.34000000,1.0,1.0,2.0000,,4.340000,adjusted,73518.7,adjusted,20,,False,,BJDX,,,False,False,False,PENDING,exchange and security type unknown (no security master)
APLZ,CLOSE_100,2026-06-03,2026-06-02,2.660000000,2.66000000,13.220000000,15.040000000,13.020000000,15.000000000,15.00000000,1.0,1.0,5.6391,,15.000000,adjusted,2048610.8,adjusted,20,2026-06-03:1.00000000-for-5.00000000,False,,APLZ,,,False,False,True,PENDING,exchange and security type unknown (no security master); split recorded within ±5 days but gold not adjusted: jump may be the split
PW,CLOSE_100,2026-06-03,2026-06-02,0.830000000,0.83000000,8.600000000,10.530000000,8.420000000,9.250000000,9.25000000,1.0,1.0,11.1446,,9.250000,adjusted,98463.5,adjusted,20,2026-06-03:1.00000000-for-10.00000000,False,,PW,,,False,False,True,PENDING,exchange and security type unknown (no security master); split recorded within ±5 days but gold not adjusted: jump may be the split
SILO,CLOSE_100,2026-06-03,2026-06-02,0.350000000,0.35000000,5.000000000,6.260000000,5.000000000,6.130000000,6.13000000,1.0,1.0,17.5143,,6.130000,adjusted,320742.8,adjusted,20,2026-06-03:1.00000000-for-15.00000000,False,,SILO,,,False,False,True,PENDING,exchange and security type unknown (no security master); split recorded within ±5 days but gold not adjusted: jump may be the split
INDP,CLOSE_100,2026-06-04,2026-06-03,2.210000000,2.21000000,2.140000000,5.960000000,2.110000000,4.750000000,4.75000000,1.0,1.0,2.1493,,4.750000,adjusted,101244.6,adjusted,20,,False,,INDP,,,False,False,False,PENDING,exchange and security type unknown (no security master)
SMSI,CLOSE_100,2026-06-05,2026-06-04,0.808000000,0.80800000,3.720000000,4.310000000,3.400000000,3.650000000,3.65000000,1.0,1.0,4.5173,,3.650000,adjusted,107271.5,adjusted,20,2026-06-05:1.00000000-for-5.00000000,False,,SMSI,,,False,False,True,PENDING,exchange and security type unknown (no security master); split recorded within ±5 days but gold not adjusted: jump may be the split
AMPGR,CLOSE_100,2026-06-08,2026-06-05,0.790000000,0.79000000,1.000000000,1.800000000,0.729000000,1.800000000,1.80000000,1.0,1.0,2.2785,,1.800000,adjusted,121620.8,adjusted,20,,False,,AMPGR,,,False,False,False,PENDING,exchange and security type unknown (no security master)
SMTK,CLOSE_100,2026-06-08,2026-06-05,20.435000000000000858270000,0.40870000,30.965000000000001300530000,58.000000000000002436000000,24.730000000000001038660000,42.000000000000001764000000,0.84000000,50.0000000000000021,50.0000000000000021,2.0553,,42.000000,adjusted,278639.8,adjusted,20,,False,,SMTK,,,False,False,False,PENDING,exchange and security type unknown (no security master)
CHAI,CLOSE_100,2026-06-09,2026-06-08,0.820000000,0.82000000,3.570000000,4.050000000,1.670000000,1.860000000,1.86000000,1.0,1.0,2.2683,,1.860000,adjusted,3133626.8,adjusted,20,,False,,CHAI,,,False,False,False,PENDING,exchange and security type unknown (no security master)
VSME,CLOSE_100,2026-06-10,2026-06-09,0.823400000,0.82340000,3.700000000,5.380000000,1.970000000,2.050000000,2.05000000,1.0,1.0,2.4897,,2.050000,adjusted,267447.0,adjusted,20,,False,,VSME,,,False,False,False,PENDING,exchange and security type unknown (no security master)
GLXG,CLOSE_100,2026-06-11,2026-06-10,0.976100000,0.97610000,2.550000000,4.790000000,2.020000000,2.080000000,2.08000000,1.0,1.0,2.1309,,2.080000,adjusted,939577.8,adjusted,20,,False,,GLXG,,,False,False,False,PENDING,exchange and security type unknown (no security master)
QH,CLOSE_100,2026-06-11,2026-06-10,3.855278766310794875000000,3.25000000,8.327402135231316930000000,9.667852906287070225000000,6.109134045077105725000000,8.790035587188612315000000,7.41000000,1.1862396204033215,1.1862396204033215,2.2800,,8.790036,adjusted,891593.1,adjusted,20,,False,,QH,,,False,False,False,PENDING,exchange and security type unknown (no security master)
CUPR,CLOSE_100,2026-06-15,2026-06-12,3.970000000,3.97000000,10.950000000,14.800000000,7.000000000,8.410000000,8.41000000,1.0,1.0,2.1184,,8.410000,adjusted,4463736.5,adjusted,20,,False,,CUPR,,,False,False,False,PENDING,exchange and security type unknown (no security master)
OBAI,CLOSE_100,2026-06-16,2026-06-15,0.534600000,0.53460000,0.906900000,1.300000000,0.780200000,1.110000000,1.11000000,1.0,1.0,2.0763,,1.110000,adjusted,503081.4,adjusted,20,,False,,OBAI,,,False,False,False,PENDING,exchange and security type unknown (no security master)
JZ,CLOSE_100,2026-06-17,2026-06-16,0.103200000000000002408000,0.00344000,4.980000000000000116200000,5.310000000000000123900000,4.800000000000000112000000,4.800000000000000112000000,0.16000000,30.0000000000000007,30.0000000000000007,46.5116,,4.800000,adjusted,14671172.5,adjusted,20,2026-06-17:1.00000000-for-50.00000000,False,,JZ,,,False,False,True,PENDING,exchange and security type unknown (no security master); split recorded within ±5 days but gold not adjusted: jump may be the split
POM,CLOSE_100,2026-06-22,2026-06-18,0.071666670,0.07166667,1.410000000,1.440000000,1.220000000,1.400000000,1.40000000,1.0,1.0,19.5349,,1.400000,adjusted,1383151.5,adjusted,20,2026-06-22:1.00000000-for-18.00000000,False,,POM,,,False,False,True,PENDING,exchange and security type unknown (no security master); split recorded within ±5 days but gold not adjusted: jump may be the split
DD,CLOSE_100,2026-06-24,2026-06-23,46.670000000,46.67000000,144.750000000,144.850000000,136.770000000,137.820000000,137.82000000,1.0,1.0,2.9531,,137.820000,adjusted,3723977.4,adjusted,20,2026-06-24:1.00000000-for-3.00000000,False,,DD,,,False,False,True,PENDING,exchange and security type unknown (no security master); split recorded within ±5 days but gold not adjusted: jump may be the split
ILLR,CLOSE_100,2026-06-25,2026-06-24,0.769100000,0.76910000,2.660000000,5.300000000,2.540000000,3.050000000,3.05000000,1.0,1.0,3.9657,,3.050000,adjusted,7631393.6,adjusted,20,2026-06-23:1.00000000-for-10.00000000,False,,ILLR,,,False,False,True,PENDING,exchange and security type unknown (no security master); split recorded within ±5 days but gold not adjusted: jump may be the split
GIBO,CLOSE_100,2026-06-29,2026-06-26,1.250000000,1.25000000,781.250000000,781.250000000,781.250000000,781.250000000,781.25000000,1.0,1.0,625.0000,,781.250000,adjusted,57395.0,adjusted,20,2026-06-29:1.00000000-for-25.00000000,False,,GIBO,,,False,False,True,PENDING,exchange and security type unknown (no security master); split recorded within ±5 days but gold not adjusted: jump may be the split
TNMG,CLOSE_100,2026-06-29,2026-06-26,3.903999999999999902400000,0.48800000,6.593599999999999835160000,10.319999999999999742000000,6.310399999999999842240000,8.079999999999999798000000,1.01000000,7.9999999999999998,7.9999999999999998,2.0697,,8.080000,adjusted,69339.8,adjusted,20,,False,,TNMG,,,False,False,False,PENDING,exchange and security type unknown (no security master)
LGCL,CLOSE_100,2026-06-30,2026-06-29,106.462499999999997444900000,0.85170000,118.699999999999997151200000,306.249999999999992650000000,117.499999999999997180000000,231.249999999999994450000000,1.85000000,124.9999999999999970,124.9999999999999970,2.1721,,231.250000,adjusted,18973.3,adjusted,20,,False,,LGCL,,,False,False,False,PENDING,exchange and security type unknown (no security master)
CLRO,CLOSE_100,2026-07-02,2026-07-01,3.220000000,3.22000000,3.600000000,9.620000000,3.120000000,6.480000000,6.48000000,1.0,1.0,2.0124,,6.480000,adjusted,22877.5,adjusted,20,,False,,CLRO,,,False,False,False,PENDING,exchange and security type unknown (no security master)
SRXH,CLOSE_100,2026-07-06,2026-07-02,0.091000000,0.09100000,4.900000000,4.900000000,1.420000000,1.820000000,1.82000000,1.0,1.0,20.0000,,1.820000,adjusted,83303106.0,adjusted,20,2026-07-06:1.00000000-for-60.00000000,False,,SRXH,,,False,False,True,PENDING,exchange and security type unknown (no security master); split recorded within ±5 days but gold not adjusted: jump may be the split
ZCMD,CLOSE_100,2026-07-06,2026-07-02,1.110000000,1.11000000,2.510000000,3.110000000,1.870000000,2.240000000,2.24000000,1.0,1.0,2.0180,,2.240000,adjusted,4954145.3,adjusted,20,,False,,ZCMD,,,False,False,False,PENDING,exchange and security type unknown (no security master)
VRAX,CLOSE_100,2026-07-09,2026-07-08,3.180000000,3.18000000,11.090000000,13.190000000,5.860000000,6.360000000,6.36000000,1.0,1.0,2.0000,,6.360000,adjusted,187841.8,adjusted,20,,False,,VRAX,,,False,False,False,PENDING,exchange and security type unknown (no security master)
GMM,CLOSE_100,2026-07-10,2026-07-09,1.850000000,1.85000000,5.690000000,5.790000000,3.240000000,4.570000000,4.57000000,1.0,1.0,2.4703,,4.570000,adjusted,3027729.3,adjusted,20,,False,,GMM,,,False,False,False,PENDING,exchange and security type unknown (no security master)
CLBK,CLOSE_100,2026-07-16,2026-07-15,4.5499999999999999999545000000,10.01000000,9.9999999999999999999000000000,10.4818181818181818180770000000,9.9818181818181818180820000000,10.4318181818181818180775000000,22.95000000,0.45454545454545454545,0.45454545454545454545,2.2927,,10.431818,adjusted,1084629.6,adjusted,20,2026-07-21:11.00000000-for-5.00000000,False,,CLBK,,,False,False,False,PENDING,exchange and security type unknown (no security master)
VIVK,CLOSE_100,2026-07-17,2026-07-16,0.213000000,0.21300000,4.110000000,4.180000000,2.110000000,2.260000000,2.26000000,1.0,1.0,10.6103,,2.260000,adjusted,153167333.0,adjusted,20,2026-07-17:1.00000000-for-20.00000000,False,,VIVK,,,False,False,True,PENDING,exchange and security type unknown (no security master); split recorded within ±5 days but gold not adjusted: jump may be the split
PN,CLOSE_100,2026-07-22,2026-07-21,4.030000000,4.03000000,4.260000000,9.900000000,4.180000000,9.340000000,9.34000000,1.0,1.0,2.3176,,9.340000,adjusted,22396.6,adjusted,20,,False,,PN,,,False,False,False,PENDING,exchange and security type unknown (no security master)
DBGI,CLOSE_100,2026-07-24,2026-07-23,0.501000000,0.50100000,17.470000000,19.000000000,12.310000000,12.900000000,12.90000000,1.0,1.0,25.7485,,12.900000,adjusted,738062.0,adjusted,20,2026-07-24:1.00000000-for-40.00000000,False,,DBGI,,,False,False,True,PENDING,exchange and security type unknown (no security master); split recorded within ±5 days but gold not adjusted: jump may be the split
BIYA,CLOSE_100,2026-07-27,2026-07-24,1.930000000,1.93000000,2.940000000,4.900000000,2.720000000,4.170000000,4.17000000,1.0,1.0,2.1606,,4.170000,adjusted,33357137.6,adjusted,20,,False,,BIYA,,,False,False,False,PENDING,exchange and security type unknown (no security master)
STKH,CLOSE_100,2026-07-28,2026-07-27,1.350000000,1.35000000,1.350000000,6.300000000,1.270000000,3.600000000,3.60000000,1.0,1.0,2.6667,,3.600000,adjusted,351912.5,adjusted,20,2026-07-27:1.00000000-for-3.00000000,False,,STKH,,,False,False,True,PENDING,exchange and security type unknown (no security master); split recorded within ±5 days but gold not adjusted: jump may be the split
NCRA,CLOSE_100,2026-07-29,2026-07-28,1.430000000,1.43000000,3.480000000,3.980000000,2.450000000,3.120000000,3.12000000,1.0,1.0,2.1818,,3.120000,adjusted,1103549.6,adjusted,20,,False,,NCRA,,,False,False,False,PENDING,exchange and security type unknown (no security master)
NUWE,CLOSE_100,2026-07-30,2026-07-29,1.890000000,1.89000000,5.140200000,6.399900000,3.810000000,4.160000000,4.16000000,1.0,1.0,2.2011,,4.160000,adjusted,724565.4,adjusted,20,,False,,NUWE,,,False,False,False,PENDING,exchange and security type unknown (no security master)
KWM,CLOSE_100,2026-08-03,2026-07-31,0.08366667,0.08366667,2.50000000,3.55000000,2.21000000,3.02000000,3.02000000,1,1,36.0956,,3.020000,adjusted,19807895.4,adjusted,20,2026-08-02:1.00000000-for-30.00000000;2026-08-03:1.00000000-for-30.00000000,False,,KWM,,,False,False,True,PENDING,exchange and security type unknown (no security master); split recorded within ±5 days but gold not adjusted: jump may be the split
UPC,CLOSE_100,2026-08-03,2026-07-31,3.16000000,3.16000000,7.02000000,8.44000000,5.51000000,6.48000000,6.48000000,1,1,2.0506,,6.480000,adjusted,713742.2,adjusted,20,,False,,UPC,,,False,False,False,PENDING,exchange and security type unknown (no security master)
STKH,CLOSE_100,2026-08-10,2026-08-07,1.88000000,1.88000000,3.86000000,7.10000000,3.32000000,4.30000000,4.30000000,1,1,2.2872,,4.300000,adjusted,3796039.1,adjusted,20,,False,,STKH,,,False,False,False,PENDING,exchange and security type unknown (no security master)
RMCF,CLOSE_100,2026-08-12,2026-08-11,0.67250000,0.67250000,1.74000000,2.15000000,1.22000000,1.52000000,1.52000000,1,1,2.2602,,1.520000,adjusted,34654.5,adjusted,20,,False,,RMCF,,,False,False,False,PENDING,exchange and security type unknown (no security master)
FGI,CLOSE_100,2026-08-13,2026-08-12,4.73000000,4.73000000,8.47000000,19.93000000,7.07000000,11.72000000,11.72000000,1,1,2.4778,,11.720000,adjusted,83779.8,adjusted,20,,False,,FGI,,,False,False,False,PENDING,exchange and security type unknown (no security master)
IPST,CLOSE_100,2026-08-18,2026-08-17,7.39000000,7.39000000,7.46000000,25.34000000,6.50000000,15.76000000,15.76000000,1,1,2.1326,,15.760000,adjusted,5263404.9,adjusted,20,,False,,IPST,,,False,False,False,PENDING,exchange and security type unknown (no security master)
PFSA,CLOSE_100,2026-08-18,2026-08-17,4.53000000,4.53000000,8.82000000,28.32000000,8.58000000,27.48000000,27.48000000,1,1,6.0662,,27.480000,adjusted,330090.3,adjusted,20,2026-08-17:1.00000000-for-4.00000000,False,,PFSA,,,False,False,True,PENDING,exchange and security type unknown (no security master); split recorded within ±5 days but gold not adjusted: jump may be the split
XOS,CLOSE_100,2026-08-18,2026-08-17,2.09000000,2.09000000,4.53000000,4.95000000,4.01000000,4.44000000,4.44000000,1,1,2.1244,,4.440000,adjusted,1679782.5,adjusted,20,,False,,XOS,,,False,False,False,PENDING,exchange and security type unknown (no security master)
TNON,CLOSE_100,2026-08-19,2026-08-18,5.45000000,5.45000000,11.67000000,17.84000000,9.89000000,11.41000000,11.41000000,1,1,2.0936,,11.410000,adjusted,634822.2,adjusted,20,,False,,TNON,,,False,False,False,PENDING,exchange and security type unknown (no security master)
YJ,CLOSE_100,2026-08-19,2026-08-18,1.74000000,1.74000000,5.87000000,6.00000000,3.32000000,4.25000000,4.25000000,1,1,2.4425,,4.250000,adjusted,2845741.5,adjusted,20,,False,,YJ,,,False,False,False,PENDING,exchange and security type unknown (no security master)
XCH,CLOSE_100,2026-08-21,2026-08-20,0.23100000,0.23100000,5.00000000,5.00000000,4.22000000,4.62000000,4.62000000,1,1,20.0000,,4.620000,adjusted,26554148.7,adjusted,20,2026-08-21:1.00000000-for-20.00000000,False,,XCH,,,False,False,True,PENDING,exchange and security type unknown (no security master); split recorded within ±5 days but gold not adjusted: jump may be the split
CELU,CLOSE_100,2026-08-27,2026-08-26,0.88040000,0.88040000,1.11000000,2.55000000,0.92600000,2.10000000,2.10000000,1,1,2.3853,,2.100000,adjusted,97928.0,adjusted,20,,False,,CELU,,,False,False,False,PENDING,exchange and security type unknown (no security master)
PPCB,CLOSE_100,2026-08-27,2026-08-26,1.07000000,1.07000000,3.51000000,4.13000000,1.98000000,2.23000000,2.23000000,1,1,2.0841,,2.230000,adjusted,133932.4,adjusted,20,,False,,PPCB,,,False,False,False,PENDING,exchange and security type unknown (no security master)
ALP,CLOSE_100,2026-09-09,2026-09-08,0.10770000,0.10770000,5.01000000,5.78000000,4.80000000,5.41000000,5.41000000,1,1,50.2321,,5.410000,adjusted,10308000.9,adjusted,20,2026-09-09:1.00000000-for-50.00000000,False,,ALP,,,False,False,True,PENDING,exchange and security type unknown (no security master); split recorded within ±5 days but gold not adjusted: jump may be the split
LGHL,CLOSE_100,2026-09-10,2026-09-09,0.41100000,0.41100000,8.21000000,8.98000000,7.14000000,7.82000000,7.82000000,1,1,19.0268,,7.820000,adjusted,6228187.3,adjusted,20,2026-09-10:1.00000000-for-20.00000000,False,,LGHL,,,False,False,True,PENDING,exchange and security type unknown (no security master); split recorded within ±5 days but gold not adjusted: jump may be the split
TNON,CLOSE_100,2026-09-10,2026-09-09,2.44000000,2.44000000,4.20000000,5.96000000,3.96000000,5.30000000,5.30000000,1,1,2.1721,,5.300000,adjusted,4227975.7,adjusted,20,,False,,TNON,,,False,False,False,PENDING,exchange and security type unknown (no security master)
VEEA,CLOSE_100,2026-09-15,2026-09-14,2.29000000,2.29000000,4.33000000,7.49000000,4.31000000,5.71000000,5.71000000,1,1,2.4934,,5.710000,adjusted,1241365.3,adjusted,20,,False,,VEEA,,,False,False,False,PENDING,exchange and security type unknown (no security master)
DTSS,CLOSE_100,2026-09-17,2026-09-16,0.59120000,0.59120000,0.96980000,2.29000000,0.85000000,1.22000000,1.22000000,1,1,2.0636,,1.220000,adjusted,1510882.1,adjusted,20,,False,,DTSS,,,False,False,False,PENDING,exchange and security type unknown (no security master)
JAGX,CLOSE_100,2026-09-17,2026-09-16,0.23290000,0.23290000,3.70000000,3.70000000,2.35000000,2.75000000,2.75000000,1,1,11.8076,,2.750000,adjusted,698897.2,adjusted,20,2026-09-17:1.00000000-for-15.00000000,False,,JAGX,,,False,False,True,PENDING,exchange and security type unknown (no security master); split recorded within ±5 days but gold not adjusted: jump may be the split
IMCC,CLOSE_100,2026-09-18,2026-09-17,1.74000000,1.74000000,3.24000000,8.65000000,2.97000000,4.23000000,4.23000000,1,1,2.4310,,4.230000,adjusted,86127.8,adjusted,20,,False,,IMCC,,,False,False,False,PENDING,exchange and security type unknown (no security master)
GLND,CLOSE_100,2026-09-21,2026-09-18,1.20000000,1.20000000,3.01250000,3.39000000,2.65000000,2.88000000,2.88000000,1,1,2.4000,,2.880000,adjusted,550764.3,adjusted,20,,False,,GLND,,,False,False,False,PENDING,exchange and security type unknown (no security master)
VEEE,CLOSE_100,2026-09-21,2026-09-18,8.58000000,8.58000000,14.50000000,22.85000000,13.68000000,17.24000000,17.24000000,1,1,2.0093,,17.240000,adjusted,15943.0,adjusted,20,,False,,VEEE,,,False,False,False,PENDING,exchange and security type unknown (no security master)
CRMX,CLOSE_100,2026-09-22,2026-09-21,8.04000000,8.04000000,30.66000000,31.14000000,26.75000000,26.75000000,26.75000000,1,1,3.3271,,26.750000,adjusted,321564.3,adjusted,20,2026-09-22:1.00000000-for-4.00000000,False,,CRMX,,,False,False,True,PENDING,exchange and security type unknown (no security master); split recorded within ±5 days but gold not adjusted: jump may be the split
JAGX,CLOSE_100,2026-09-22,2026-09-21,2.67000000,2.67000000,2.83000000,41.53000000,2.75000000,34.46000000,34.46000000,1,1,12.9064,,34.460000,adjusted,707837.3,adjusted,20,2026-09-17:1.00000000-for-15.00000000,False,,JAGX,,,False,False,True,PENDING,exchange and security type unknown (no security master); split recorded within ±5 days but gold not adjusted: jump may be the split
ONDU,CLOSE_100,2026-09-22,2026-09-21,3.52000000,3.52000000,14.36000000,15.44000000,14.11000000,15.44000000,15.44000000,1,1,4.3864,,15.440000,adjusted,106678.2,adjusted,20,2026-09-22:1.00000000-for-4.00000000,False,,ONDU,,,False,False,True,PENDING,exchange and security type unknown (no security master); split recorded within ±5 days but gold not adjusted: jump may be the split
VWAV,CLOSE_100,2026-09-22,2026-09-21,0.31010000,0.31010000,6.22000000,6.23000000,5.26000000,6.21000000,6.21000000,1,1,20.0258,,6.210000,adjusted,3224011.0,adjusted,20,2026-09-22:1.00000000-for-20.00000000,False,,VWAV,,,False,False,True,PENDING,exchange and security type unknown (no security master); split recorded within ±5 days but gold not adjusted: jump may be the split
WHLR,CLOSE_100,2026-09-22,2026-09-21,0.22980000,0.22980000,2.02000000,2.34000000,1.65000000,1.87000000,1.87000000,1,1,8.1375,,1.870000,adjusted,5070947.3,adjusted,20,2026-09-22:1.00000000-for-9.00000000,False,,WHLR,,,False,False,True,PENDING,exchange and security type unknown (no security master); split recorded within ±5 days but gold not adjusted: jump may be the split
IBO,CLOSE_100,2026-09-23,2026-09-22,0.52760000,0.52760000,6.46000000,7.11000000,5.62000000,6.63000000,6.63000000,1,1,12.5663,,6.630000,adjusted,305196.8,adjusted,20,2026-09-23:50.00000000-for-631.00000000,False,,IBO,,,False,False,True,PENDING,exchange and security type unknown (no security master); split recorded within ±5 days but gold not adjusted: jump may be the split
WHLR,CLOSE_100,2026-09-23,2026-09-22,1.87000000,1.87000000,5.21000000,8.71000000,4.75000000,5.44000000,5.44000000,1,1,2.9091,,5.440000,adjusted,5572866.9,adjusted,20,2026-09-22:1.00000000-for-9.00000000,False,,WHLR,,,False,False,True,PENDING,exchange and security type unknown (no security master); split recorded within ±5 days but gold not adjusted: jump may be the split
APUS,CLOSE_100,2026-09-24,2026-09-23,2.29000000,2.29000000,6.99000000,8.74000000,4.61000000,4.92000000,4.92000000,1,1,2.1485,,4.920000,adjusted,130537.4,adjusted,20,,False,,APUS,,,False,False,False,PENDING,exchange and security type unknown (no security master)
SRZN,CLOSE_100,2026-09-24,2026-09-23,16.16000000,16.16000000,30.56000000,35.86000000,29.10000000,33.68000000,33.68000000,1,1,2.0842,,33.680000,adjusted,182770.5,adjusted,20,,False,,SRZN,,,False,False,False,PENDING,exchange and security type unknown (no security master)
GRMLW,CLOSE_100,2026-09-25,2026-09-24,0.49000000,0.49000000,0.70000000,1.18000000,0.56000000,1.05000000,1.05000000,1,1,2.1429,,1.050000,adjusted,309401.6,adjusted,20,,False,,GRMLW,,,False,False,False,PENDING,exchange and security type unknown (no security master)
DCX,CLOSE_100,2026-09-28,2026-09-25,0.04940000,0.04940000,6.21000000,7.45000000,5.73000000,6.17000000,6.17000000,1,1,124.8988,,6.170000,adjusted,43256276.7,adjusted,20,2026-09-28:1.00000000-for-160.00000000,False,,DCX,,,False,False,True,PENDING,exchange and security type unknown (no security master); split recorded within ±5 days but gold not adjusted: jump may be the split
IMMP,CLOSE_100,2026-09-28,2026-09-25,0.26350000,0.26350000,5.36000000,5.36000000,4.67000000,4.88000000,4.88000000,1,1,18.5199,,4.880000,adjusted,427449.9,adjusted,20,2026-09-28:1.00000000-for-20.00000000,False,,IMMP,,,False,False,True,PENDING,exchange and security type unknown (no security master); split recorded within ±5 days but gold not adjusted: jump may be the split
SDEV,CLOSE_100,2026-09-29,2026-09-28,1.57000000,1.57000000,1.64000000,3.93000000,1.62000000,3.27000000,3.27000000,1,1,2.0828,,3.270000,adjusted,2246530.4,adjusted,20,,False,,SDEV,,,False,False,False,PENDING,exchange and security type unknown (no security master)
