event_type,bucket,reason,events,symbols
INTRADAY_100,CANDIDATES,,3698,969
INTRADAY_100,EXCLUDED,"avg volume prior 20 sessions < 10,000",184,134
INTRADAY_100,EXCLUDED,"duplicate row: ticker 'MGRT ' has trailing whitespace, same bars as MGRT",5,1
INTRADAY_100,EXCLUDED,event date is not a trading session,4,2
INTRADAY_100,EXCLUDED,price < $1,2472,389
INTRADAY_100,PENDING,,321,290
INTRADAY_100,SUSPECT,,712,372
CLOSE_100,CANDIDATES,,2083,621
CLOSE_100,EXCLUDED,"avg volume prior 20 sessions < 10,000",105,67
CLOSE_100,EXCLUDED,"duplicate row: ticker 'MGRT ' has trailing whitespace, same bars as MGRT",2,1
CLOSE_100,EXCLUDED,event date is not a trading session,2,1
CLOSE_100,EXCLUDED,price < $1,1467,229
CLOSE_100,PENDING,,208,191
CLOSE_100,SUSPECT,,299,202
